sample_id,cell_line,tissue_site
DMS53_LUNG,DMS53,LUNG
SW1116_LARGE_INTESTINE,SW1116_LARGE,INTESTINE
NCIH1694_LUNG,NCIH1694,LUNG
P3HR1_HAEMATOPOIETIC_AND_LYMPHOID_TISSUE,P3HR1_HAEMATOPOIETIC_AND_LYMPHOID,TISSUE
HUT78_HAEMATOPOIETIC_AND_LYMPHOID_TISSUE,HUT78_HAEMATOPOIETIC_AND_LYMPHOID,TISSUE
UMUC3_URINARY_TRACT,UMUC3_URINARY,TRACT
HOS_BONE,HOS,BONE
HUNS1_HAEMATOPOIETIC_AND_LYMPHOID_TISSUE,HUNS1_HAEMATOPOIETIC_AND_LYMPHOID,TISSUE
AML193_HAEMATOPOIETIC_AND_LYMPHOID_TISSUE,AML193_HAEMATOPOIETIC_AND_LYMPHOID,TISSUE
RVH421_SKIN,RVH421,SKIN
NCIH1184_LUNG,NCIH1184,LUNG
HCC2157_BREAST,HCC2157,BREAST
TC71_BONE,TC71,BONE
NCIH2227_LUNG,NCIH2227,LUNG
COLO205_LARGE_INTESTINE,COLO205_LARGE,INTESTINE
SNU449_LIVER,SNU449,LIVER
NCIH28_PLEURA,NCIH28,PLEURA
OV56_OVARY,OV56,OVARY
JHOS4_OVARY,JHOS4,OVARY
KYSE450_OESOPHAGUS,KYSE450,OESOPHAGUS
RMUGS_OVARY,RMUGS,OVARY
KLE_ENDOMETRIUM,KLE,ENDOMETRIUM
HS895T_FIBROBLAST,HS895T,FIBROBLAST
LN229_CENTRAL_NERVOUS_SYSTEM,LN229_CENTRAL_NERVOUS,SYSTEM
P31FUJ_HAEMATOPOIETIC_AND_LYMPHOID_TISSUE,P31FUJ_HAEMATOPOIETIC_AND_LYMPHOID,TISSUE
RKN_SOFT_TISSUE,RKN_SOFT,TISSUE
PATU8988S_PANCREAS,PATU8988S,PANCREAS
NH6_AUTONOMIC_GANGLIA,NH6_AUTONOMIC,GANGLIA
SF126_CENTRAL_NERVOUS_SYSTEM,SF126_CENTRAL_NERVOUS,SYSTEM
RERFLCAD2_LUNG,RERFLCAD2,LUNG
OUMS23_LARGE_INTESTINE,OUMS23_LARGE,INTESTINE
SNGM_ENDOMETRIUM,SNGM,ENDOMETRIUM
OUMS27_BONE,OUMS27,BONE
PL45_PANCREAS,PL45,PANCREAS
NCIH2347_LUNG,NCIH2347,LUNG
SW1990_PANCREAS,SW1990,PANCREAS
HS940T_FIBROBLAST,HS940T,FIBROBLAST
HS611T_HAEMATOPOIETIC_AND_LYMPHOID_TISSUE,HS611T_HAEMATOPOIETIC_AND_LYMPHOID,TISSUE
TOLEDO_HAEMATOPOIETIC_AND_LYMPHOID_TISSUE,TOLEDO_HAEMATOPOIETIC_AND_LYMPHOID,TISSUE
RERFGC1B_STOMACH,RERFGC1B,STOMACH
HT1080_SOFT_TISSUE,HT1080_SOFT,TISSUE
NCIH2087_LUNG,NCIH2087,LUNG
COV318_OVARY,COV318,OVARY
NCIH2085_LUNG,NCIH2085,LUNG
NCIH510_LUNG,NCIH510,LUNG
CAKI1_KIDNEY,CAKI1,KIDNEY
NCIH716_LARGE_INTESTINE,NCIH716_LARGE,INTESTINE
NCIH2066_LUNG,NCIH2066,LUNG
NCIH1341_LUNG,NCIH1341,LUNG
NCIH2029_LUNG,NCIH2029,LUNG
C3A_LIVER,C3A,LIVER
SW480_LARGE_INTESTINE,SW480_LARGE,INTESTINE
HS746T_STOMACH,HS746T,STOMACH
LU65_LUNG,LU65,LUNG
HS739T_FIBROBLAST,HS739T,FIBROBLAST
SNUC2A_LARGE_INTESTINE,SNUC2A_LARGE,INTESTINE
HEC151_ENDOMETRIUM,HEC151,ENDOMETRIUM
MSTO211H_PLEURA,MSTO211H,PLEURA
RAJI_HAEMATOPOIETIC_AND_LYMPHOID_TISSUE,RAJI_HAEMATOPOIETIC_AND_LYMPHOID,TISSUE
SKMEL1_SKIN,SKMEL1,SKIN
SUPT1_HAEMATOPOIETIC_AND_LYMPHOID_TISSUE,SUPT1_HAEMATOPOIETIC_AND_LYMPHOID,TISSUE
JHH7_LIVER,JHH7,LIVER
HUT102_HAEMATOPOIETIC_AND_LYMPHOID_TISSUE,HUT102_HAEMATOPOIETIC_AND_LYMPHOID,TISSUE
5637_URINARY_TRACT,5637_URINARY,TRACT
HCC38_BREAST,HCC38,BREAST
DU4475_BREAST,DU4475,BREAST
NCIH1573_LUNG,NCIH1573,LUNG
NCIH508_LARGE_INTESTINE,NCIH508_LARGE,INTESTINE
NCIH1651_LUNG,NCIH1651,LUNG
SKUT1_SOFT_TISSUE,SKUT1_SOFT,TISSUE
MDAMB175VII_BREAST,MDAMB175VII,BREAST
SUPB15_HAEMATOPOIETIC_AND_LYMPHOID_TISSUE,SUPB15_HAEMATOPOIETIC_AND_LYMPHOID,TISSUE
BECKER_CENTRAL_NERVOUS_SYSTEM,BECKER_CENTRAL_NERVOUS,SYSTEM
NCIH226_LUNG,NCIH226,LUNG
NCIH1666_LUNG,NCIH1666,LUNG
SW1783_CENTRAL_NERVOUS_SYSTEM,SW1783_CENTRAL_NERVOUS,SYSTEM
ISTMES1_PLEURA,ISTMES1,PLEURA
NCIH1734_LUNG,NCIH1734,LUNG
NCIH2342_LUNG,NCIH2342,LUNG
EBC1_LUNG,EBC1,LUNG
YMB1_BREAST,YMB1,BREAST
OC316_OVARY,OC316,OVARY
HS936T_SKIN,HS936T,SKIN
T173_FIBROBLAST,T173,FIBROBLAST
NCIH322_LUNG,NCIH322,LUNG
HS618T_FIBROBLAST,HS618T,FIBROBLAST
HS870T_FIBROBLAST,HS870T,FIBROBLAST
HS706T_BONE,HS706T,BONE
PANC1_PANCREAS,PANC1,PANCREAS
NCIH2291_LUNG,NCIH2291,LUNG
T47D_BREAST,T47D,BREAST
HS742T_FIBROBLAST,HS742T,FIBROBLAST
BICR56_UPPER_AERODIGESTIVE_TRACT,BICR56_UPPER_AERODIGESTIVE,TRACT
BICR16_UPPER_AERODIGESTIVE_TRACT,BICR16_UPPER_AERODIGESTIVE,TRACT
TE10_OESOPHAGUS,TE10,OESOPHAGUS
SKMEL28_SKIN,SKMEL28,SKIN
BICR6_UPPER_AERODIGESTIVE_TRACT,BICR6_UPPER_AERODIGESTIVE,TRACT
BHY_UPPER_AERODIGESTIVE_TRACT,BHY_UPPER_AERODIGESTIVE,TRACT
AZ521_SMALL_INTESTINE,AZ521_SMALL,INTESTINE
SH4_SKIN,SH4,SKIN
KPL1_BREAST,KPL1,BREAST
CGTHW1_THYROID,CGTHW1,THYROID
TUHR4TKB_KIDNEY,TUHR4TKB,KIDNEY
LS123_LARGE_INTESTINE,LS123_LARGE,INTESTINE
HEL_HAEMATOPOIETIC_AND_LYMPHOID_TISSUE,HEL_HAEMATOPOIETIC_AND_LYMPHOID,TISSUE
HPAC_PANCREAS,HPAC,PANCREAS
RCC10RGB_KIDNEY,RCC10RGB,KIDNEY
JHOM1_OVARY,JHOM1,OVARY
SU8686_PANCREAS,SU8686,PANCREAS
HCC33_LUNG,HCC33,LUNG
TE6_OESOPHAGUS,TE6,OESOPHAGUS
JHOC5_OVARY,JHOC5,OVARY
ACCMESO1_PLEURA,ACCMESO1,PLEURA
BL41_HAEMATOPOIETIC_AND_LYMPHOID_TISSUE,BL41_HAEMATOPOIETIC_AND_LYMPHOID,TISSUE
SNU1214_UPPER_AERODIGESTIVE_TRACT,SNU1214_UPPER_AERODIGESTIVE,TRACT
CORL105_LUNG,CORL105,LUNG
LMSU_STOMACH,LMSU,STOMACH
SNU1197_LARGE_INTESTINE,SNU1197_LARGE,INTESTINE
COLO668_LUNG,COLO668,LUNG
OSRC2_KIDNEY,OSRC2,KIDNEY
HUH6_LIVER,HUH6,LIVER
PANC0203_PANCREAS,PANC0203,PANCREAS
CJM_SKIN,CJM,SKIN
BICR22_UPPER_AERODIGESTIVE_TRACT,BICR22_UPPER_AERODIGESTIVE,TRACT
SHSY5Y_AUTONOMIC_GANGLIA,SHSY5Y_AUTONOMIC,GANGLIA
TM31_CENTRAL_NERVOUS_SYSTEM,TM31_CENTRAL_NERVOUS,SYSTEM
SNU1272_KIDNEY,SNU1272,KIDNEY
KPNRTBM1_AUTONOMIC_GANGLIA,KPNRTBM1_AUTONOMIC,GANGLIA
BICR18_UPPER_AERODIGESTIVE_TRACT,BICR18_UPPER_AERODIGESTIVE,TRACT
TE4_OESOPHAGUS,TE4,OESOPHAGUS
PCM6_HAEMATOPOIETIC_AND_LYMPHOID_TISSUE,PCM6_HAEMATOPOIETIC_AND_LYMPHOID,TISSUE
ECC10_STOMACH,ECC10,STOMACH
TUHR14TKB_KIDNEY,TUHR14TKB,KIDNEY
YD15_SALIVARY_GLAND,YD15_SALIVARY,GLAND
UBLC1_URINARY_TRACT,UBLC1_URINARY,TRACT
ECGI10_OESOPHAGUS,ECGI10,OESOPHAGUS
CW2_LARGE_INTESTINE,CW2_LARGE,INTESTINE
SNU761_LIVER,SNU761,LIVER
SNU61_LARGE_INTESTINE,SNU61_LARGE,INTESTINE
NCIH1915_LUNG,NCIH1915,LUNG
SNU324_PANCREAS,SNU324,PANCREAS
YD10B_UPPER_AERODIGESTIVE_TRACT,YD10B_UPPER_AERODIGESTIVE,TRACT
HCC2279_LUNG,HCC2279,LUNG
HLC1_LUNG,HLC1,LUNG
TUHR10TKB_KIDNEY,TUHR10TKB,KIDNEY
HEC1B_ENDOMETRIUM,HEC1B,ENDOMETRIUM
VMRCLCP_LUNG,VMRCLCP,LUNG
TGBC11TKB_STOMACH,TGBC11TKB,STOMACH
OVK18_OVARY,OVK18,OVARY
SNU1077_ENDOMETRIUM,SNU1077,ENDOMETRIUM
HCC1588_LUNG,HCC1588,LUNG
SNU213_PANCREAS,SNU213,PANCREAS
HT115_LARGE_INTESTINE,HT115_LARGE,INTESTINE
TE14_OESOPHAGUS,TE14,OESOPHAGUS
TE8_OESOPHAGUS,TE8,OESOPHAGUS
SNU520_STOMACH,SNU520,STOMACH
JHUEM3_ENDOMETRIUM,JHUEM3,ENDOMETRIUM
LI7_LIVER,LI7,LIVER
NCIH838_LUNG,NCIH838,LUNG
SNU119_OVARY,SNU119,OVARY
SNU1033_LARGE_INTESTINE,SNU1033_LARGE,INTESTINE
SNUC5_LARGE_INTESTINE,SNUC5_LARGE,INTESTINE
GSS_STOMACH,GSS,STOMACH
TALL1_HAEMATOPOIETIC_AND_LYMPHOID_TISSUE,TALL1_HAEMATOPOIETIC_AND_LYMPHOID,TISSUE
HCC1171_LUNG,HCC1171,LUNG
SNUC4_LARGE_INTESTINE,SNUC4_LARGE,INTESTINE
U138MG_CENTRAL_NERVOUS_SYSTEM,U138MG_CENTRAL_NERVOUS,SYSTEM
SNU620_STOMACH,SNU620,STOMACH
ECC12_STOMACH,ECC12,STOMACH
GSU_STOMACH,GSU,STOMACH
KMS18_HAEMATOPOIETIC_AND_LYMPHOID_TISSUE,KMS18_HAEMATOPOIETIC_AND_LYMPHOID,TISSUE
JHOM2B_OVARY,JHOM2B,OVARY
MDAMB231_BREAST,MDAMB231,BREAST
OV90_OVARY,OV90,OVARY
RS411_HAEMATOPOIETIC_AND_LYMPHOID_TISSUE,RS411_HAEMATOPOIETIC_AND_LYMPHOID,TISSUE
OVTOKO_OVARY,OVTOKO,OVARY
OVCAR4_OVARY,OVCAR4,OVARY
HLF_LIVER,HLF,LIVER
HCT15_LARGE_INTESTINE,HCT15_LARGE,INTESTINE
SW1463_LARGE_INTESTINE,SW1463_LARGE,INTESTINE
SF295_CENTRAL_NERVOUS_SYSTEM,SF295_CENTRAL_NERVOUS,SYSTEM
WM115_SKIN,WM115,SKIN
JHH4_LIVER,JHH4,LIVER
OE33_OESOPHAGUS,OE33,OESOPHAGUS
CCK81_LARGE_INTESTINE,CCK81_LARGE,INTESTINE
JHH1_LIVER,JHH1,LIVER
SJSA1_BONE,SJSA1,BONE
NCIH2228_LUNG,NCIH2228,LUNG
RERFLCAI_LUNG,RERFLCAI,LUNG
SKMES1_LUNG,SKMES1,LUNG
NCIH520_LUNG,NCIH520,LUNG
JHH5_LIVER,JHH5,LIVER
FU97_STOMACH,FU97,STOMACH
COLO800_SKIN,COLO800,SKIN
NCIH1963_LUNG,NCIH1963,LUNG
RL952_ENDOMETRIUM,RL952,ENDOMETRIUM
J82_URINARY_TRACT,J82_URINARY,TRACT
HCC15_LUNG,HCC15,LUNG
M059K_CENTRAL_NERVOUS_SYSTEM,M059K_CENTRAL_NERVOUS,SYSTEM
CALU6_LUNG,CALU6,LUNG
SKLU1_LUNG,SKLU1,LUNG
SW900_LUNG,SW900,LUNG
UACC62_SKIN,UACC62,SKIN
MFE280_ENDOMETRIUM,MFE280,ENDOMETRIUM
MFE319_ENDOMETRIUM,MFE319,ENDOMETRIUM
MFE296_ENDOMETRIUM,MFE296,ENDOMETRIUM
GOS3_CENTRAL_NERVOUS_SYSTEM,GOS3_CENTRAL_NERVOUS,SYSTEM
GI1_CENTRAL_NERVOUS_SYSTEM,GI1_CENTRAL_NERVOUS,SYSTEM
PC14_LUNG,PC14,LUNG
KYSE410_OESOPHAGUS,KYSE410,OESOPHAGUS
A204_SOFT_TISSUE,A204_SOFT,TISSUE
PATU8902_PANCREAS,PATU8902,PANCREAS
NCIH810_LUNG,NCIH810,LUNG
RERFLCMS_LUNG,RERFLCMS,LUNG
L1236_HAEMATOPOIETIC_AND_LYMPHOID_TISSUE,L1236_HAEMATOPOIETIC_AND_LYMPHOID,TISSUE
DANG_PANCREAS,DANG,PANCREAS
NCIH460_LUNG,NCIH460,LUNG
KYSE140_OESOPHAGUS,KYSE140,OESOPHAGUS
KYSE180_OESOPHAGUS,KYSE180,OESOPHAGUS
HUPT3_PANCREAS,HUPT3,PANCREAS
EFE184_ENDOMETRIUM,EFE184,ENDOMETRIUM
GCIY_STOMACH,GCIY,STOMACH
SH10TC_STOMACH,SH10TC,STOMACH
CAOV4_OVARY,CAOV4,OVARY
HCC2218_BREAST,HCC2218,BREAST
KMS21BM_HAEMATOPOIETIC_AND_LYMPHOID_TISSUE,KMS21BM_HAEMATOPOIETIC_AND_LYMPHOID,TISSUE
KMS26_HAEMATOPOIETIC_AND_LYMPHOID_TISSUE,KMS26_HAEMATOPOIETIC_AND_LYMPHOID,TISSUE
KMS27_HAEMATOPOIETIC_AND_LYMPHOID_TISSUE,KMS27_HAEMATOPOIETIC_AND_LYMPHOID,TISSUE
KO52_HAEMATOPOIETIC_AND_LYMPHOID_TISSUE,KO52_HAEMATOPOIETIC_AND_LYMPHOID,TISSUE
KMS28BM_HAEMATOPOIETIC_AND_LYMPHOID_TISSUE,KMS28BM_HAEMATOPOIETIC_AND_LYMPHOID,TISSUE
KNS60_CENTRAL_NERVOUS_SYSTEM,KNS60_CENTRAL_NERVOUS,SYSTEM
KNS81_CENTRAL_NERVOUS_SYSTEM,KNS81_CENTRAL_NERVOUS,SYSTEM
KPNSI9S_AUTONOMIC_GANGLIA,KPNSI9S_AUTONOMIC,GANGLIA
LU99_LUNG,LU99,LUNG
KMS34_HAEMATOPOIETIC_AND_LYMPHOID_TISSUE,KMS34_HAEMATOPOIETIC_AND_LYMPHOID,TISSUE
MKN1_STOMACH,MKN1,STOMACH
MKN74_STOMACH,MKN74,STOMACH
KP3_PANCREAS,KP3,PANCREAS
NCO2_HAEMATOPOIETIC_AND_LYMPHOID_TISSUE,NCO2_HAEMATOPOIETIC_AND_LYMPHOID,TISSUE
KHM1B_HAEMATOPOIETIC_AND_LYMPHOID_TISSUE,KHM1B_HAEMATOPOIETIC_AND_LYMPHOID,TISSUE
HSC2_UPPER_AERODIGESTIVE_TRACT,HSC2_UPPER_AERODIGESTIVE,TRACT
KG1C_CENTRAL_NERVOUS_SYSTEM,KG1C_CENTRAL_NERVOUS,SYSTEM
HUH7_LIVER,HUH7,LIVER
KMBC2_URINARY_TRACT,KMBC2_URINARY,TRACT
KMRC20_KIDNEY,KMRC20,KIDNEY
HUCCT1_BILIARY_TRACT,HUCCT1_BILIARY,TRACT
KIJK_HAEMATOPOIETIC_AND_LYMPHOID_TISSUE,KIJK_HAEMATOPOIETIC_AND_LYMPHOID,TISSUE
A4FUK_HAEMATOPOIETIC_AND_LYMPHOID_TISSUE,A4FUK_HAEMATOPOIETIC_AND_LYMPHOID,TISSUE
KALS1_CENTRAL_NERVOUS_SYSTEM,KALS1_CENTRAL_NERVOUS,SYSTEM
HEC108_ENDOMETRIUM,HEC108,ENDOMETRIUM
HEL9217_HAEMATOPOIETIC_AND_LYMPHOID_TISSUE,HEL9217_HAEMATOPOIETIC_AND_LYMPHOID,TISSUE
HUH28_BILIARY_TRACT,HUH28_BILIARY,TRACT
CMK115_HAEMATOPOIETIC_AND_LYMPHOID_TISSUE,CMK115_HAEMATOPOIETIC_AND_LYMPHOID,TISSUE
HEC265_ENDOMETRIUM,HEC265,ENDOMETRIUM
CAL12T_LUNG,CAL12T,LUNG
THP1_HAEMATOPOIETIC_AND_LYMPHOID_TISSUE,THP1_HAEMATOPOIETIC_AND_LYMPHOID,TISSUE
A3KAW_HAEMATOPOIETIC_AND_LYMPHOID_TISSUE,A3KAW_HAEMATOPOIETIC_AND_LYMPHOID,TISSUE
SKNSH_AUTONOMIC_GANGLIA,SKNSH_AUTONOMIC,GANGLIA
HCC1954_BREAST,HCC1954,BREAST
CAMA1_BREAST,CAMA1,BREAST
HEC6_ENDOMETRIUM,HEC6,ENDOMETRIUM
AM38_CENTRAL_NERVOUS_SYSTEM,AM38_CENTRAL_NERVOUS,SYSTEM
HEC50B_ENDOMETRIUM,HEC50B,ENDOMETRIUM
HSC3_UPPER_AERODIGESTIVE_TRACT,HSC3_UPPER_AERODIGESTIVE,TRACT
HSC4_UPPER_AERODIGESTIVE_TRACT,HSC4_UPPER_AERODIGESTIVE,TRACT
KMS11_HAEMATOPOIETIC_AND_LYMPHOID_TISSUE,KMS11_HAEMATOPOIETIC_AND_LYMPHOID,TISSUE
KP4_PANCREAS,KP4,PANCREAS
KE39_STOMACH,KE39,STOMACH
COV504_OVARY,COV504,OVARY
KE97_HAEMATOPOIETIC_AND_LYMPHOID_TISSUE,KE97_HAEMATOPOIETIC_AND_LYMPHOID,TISSUE
VMRCRCW_KIDNEY,VMRCRCW,KIDNEY
HGC27_STOMACH,HGC27,STOMACH
LUDLU1_LUNG,LUDLU1,LUNG
HUG1N_STOMACH,HUG1N,STOMACH
U266B1_HAEMATOPOIETIC_AND_LYMPHOID_TISSUE,U266B1_HAEMATOPOIETIC_AND_LYMPHOID,TISSUE
NUGC4_STOMACH,NUGC4,STOMACH
BGC823_STOMACH,BGC823,STOMACH
HMC18_BREAST,HMC18,BREAST
CAS1_CENTRAL_NERVOUS_SYSTEM,CAS1_CENTRAL_NERVOUS,SYSTEM
KMM1_HAEMATOPOIETIC_AND_LYMPHOID_TISSUE,KMM1_HAEMATOPOIETIC_AND_LYMPHOID,TISSUE
CORL23_LUNG,CORL23,LUNG
MORCPR_LUNG,MORCPR,LUNG
HARA_LUNG,HARA,LUNG
SKOV3_OVARY,SKOV3,OVARY
HPAFII_PANCREAS,HPAFII,PANCREAS
MC116_HAEMATOPOIETIC_AND_LYMPHOID_TISSUE,MC116_HAEMATOPOIETIC_AND_LYMPHOID,TISSUE
NCIH1568_LUNG,NCIH1568,LUNG
CA46_HAEMATOPOIETIC_AND_LYMPHOID_TISSUE,CA46_HAEMATOPOIETIC_AND_LYMPHOID,TISSUE
A498_KIDNEY,A498,KIDNEY
BCP1_HAEMATOPOIETIC_AND_LYMPHOID_TISSUE,BCP1_HAEMATOPOIETIC_AND_LYMPHOID,TISSUE
A673_BONE,A673,BONE
AU565_BREAST,AU565,BREAST
COLO201_LARGE_INTESTINE,COLO201_LARGE,INTESTINE
CAPAN1_PANCREAS,CAPAN1,PANCREAS
NCIH1563_LUNG,NCIH1563,LUNG
NCIH358_LUNG,NCIH358,LUNG
CFPAC1_PANCREAS,CFPAC1,PANCREAS
NIHOVCAR3_OVARY,NIHOVCAR3,OVARY
NCIH1650_LUNG,NCIH1650,LUNG
NCIH1793_LUNG,NCIH1793,LUNG
NCIH1437_LUNG,NCIH1437,LUNG
KNS62_LUNG,KNS62,LUNG
HS578T_BREAST,HS578T,BREAST
BT20_BREAST,BT20,BREAST
SNU182_LIVER,SNU182,LIVER
SKNMC_BONE,SKNMC,BONE
HH_HAEMATOPOIETIC_AND_LYMPHOID_TISSUE,HH_HAEMATOPOIETIC_AND_LYMPHOID,TISSUE
FADU_UPPER_AERODIGESTIVE_TRACT,FADU_UPPER_AERODIGESTIVE,TRACT
SJRH30_SOFT_TISSUE,SJRH30_SOFT,TISSUE
MDAMB361_BREAST,MDAMB361,BREAST
MDAMB436_BREAST,MDAMB436,BREAST
PANC0213_PANCREAS,PANC0213,PANCREAS
DB_HAEMATOPOIETIC_AND_LYMPHOID_TISSUE,DB_HAEMATOPOIETIC_AND_LYMPHOID,TISSUE
RDES_BONE,RDES,BONE
CAL27_UPPER_AERODIGESTIVE_TRACT,CAL27_UPPER_AERODIGESTIVE,TRACT
MESSA_SOFT_TISSUE,MESSA_SOFT,TISSUE
SW1271_LUNG,SW1271,LUNG
NCIH1792_LUNG,NCIH1792,LUNG
GCT_SOFT_TISSUE,GCT_SOFT,TISSUE
SKBR3_BREAST,SKBR3,BREAST
SNU16_STOMACH,SNU16,STOMACH
NCIH82_LUNG,NCIH82,LUNG
NCIN87_STOMACH,NCIN87,STOMACH
U2OS_BONE,U2OS,BONE
H4_CENTRAL_NERVOUS_SYSTEM,H4_CENTRAL_NERVOUS,SYSTEM
GDM1_HAEMATOPOIETIC_AND_LYMPHOID_TISSUE,GDM1_HAEMATOPOIETIC_AND_LYMPHOID,TISSUE
HCC1143_BREAST,HCC1143,BREAST
T24_URINARY_TRACT,T24_URINARY,TRACT
G401_SOFT_TISSUE,G401_SOFT,TISSUE
HCC1937_BREAST,HCC1937,BREAST
HCC1569_BREAST,HCC1569,BREAST
OCUM1_STOMACH,OCUM1,STOMACH
SAOS2_BONE,SAOS2,BONE
D283MED_CENTRAL_NERVOUS_SYSTEM,D283MED_CENTRAL_NERVOUS,SYSTEM
SCC9_UPPER_AERODIGESTIVE_TRACT,SCC9_UPPER_AERODIGESTIVE,TRACT
HCC1395_BREAST,HCC1395,BREAST
NMCG1_CENTRAL_NERVOUS_SYSTEM,NMCG1_CENTRAL_NERVOUS,SYSTEM
TEN_ENDOMETRIUM,TEN,ENDOMETRIUM
HS604T_FIBROBLAST,HS604T,FIBROBLAST
TE9_OESOPHAGUS,TE9,OESOPHAGUS
KNS42_CENTRAL_NERVOUS_SYSTEM,KNS42_CENTRAL_NERVOUS,SYSTEM
KYSE520_OESOPHAGUS,KYSE520,OESOPHAGUS
KYSE270_OESOPHAGUS,KYSE270,OESOPHAGUS
JHUEM1_ENDOMETRIUM,JHUEM1,ENDOMETRIUM
YH13_CENTRAL_NERVOUS_SYSTEM,YH13_CENTRAL_NERVOUS,SYSTEM
IALM_LUNG,IALM,LUNG
NCIH2052_PLEURA,NCIH2052,PLEURA
EB2_HAEMATOPOIETIC_AND_LYMPHOID_TISSUE,EB2_HAEMATOPOIETIC_AND_LYMPHOID,TISSUE
SKNFI_AUTONOMIC_GANGLIA,SKNFI_AUTONOMIC,GANGLIA
SKNAS_AUTONOMIC_GANGLIA,SKNAS_AUTONOMIC,GANGLIA
GA10_HAEMATOPOIETIC_AND_LYMPHOID_TISSUE,GA10_HAEMATOPOIETIC_AND_LYMPHOID,TISSUE
SNU398_LIVER,SNU398,LIVER
SNU423_LIVER,SNU423,LIVER
SCC4_UPPER_AERODIGESTIVE_TRACT,SCC4_UPPER_AERODIGESTIVE,TRACT
EB1_HAEMATOPOIETIC_AND_LYMPHOID_TISSUE,EB1_HAEMATOPOIETIC_AND_LYMPHOID,TISSUE
HCC1187_BREAST,HCC1187,BREAST
SNU387_LIVER,SNU387,LIVER
DAUDI_HAEMATOPOIETIC_AND_LYMPHOID_TISSUE,DAUDI_HAEMATOPOIETIC_AND_LYMPHOID,TISSUE
HT_HAEMATOPOIETIC_AND_LYMPHOID_TISSUE,HT_HAEMATOPOIETIC_AND_LYMPHOID,TISSUE
MJ_HAEMATOPOIETIC_AND_LYMPHOID_TISSUE,MJ_HAEMATOPOIETIC_AND_LYMPHOID,TISSUE
JM1_HAEMATOPOIETIC_AND_LYMPHOID_TISSUE,JM1_HAEMATOPOIETIC_AND_LYMPHOID,TISSUE
C2BBE1_LARGE_INTESTINE,C2BBE1_LARGE,INTESTINE
SKES1_BONE,SKES1,BONE
EPLC272H_LUNG,EPLC272H,LUNG
BXPC3_PANCREAS,BXPC3,PANCREAS
NCIH1355_LUNG,NCIH1355,LUNG
SNU5_STOMACH,SNU5,STOMACH
SNU475_LIVER,SNU475,LIVER
HEC251_ENDOMETRIUM,HEC251,ENDOMETRIUM
HCC95_LUNG,HCC95,LUNG
253J_URINARY_TRACT,253J_URINARY,TRACT
HCC1438_LUNG,HCC1438,LUNG
253JBV_URINARY_TRACT,253JBV_URINARY,TRACT
RPMI7951_SKIN,RPMI7951,SKIN
SNU1066_UPPER_AERODIGESTIVE_TRACT,SNU1066_UPPER_AERODIGESTIVE,TRACT
SNU1041_UPPER_AERODIGESTIVE_TRACT,SNU1041_UPPER_AERODIGESTIVE,TRACT
HCC2108_LUNG,HCC2108,LUNG
COLO783_SKIN,COLO783,SKIN
HCC1359_LUNG,HCC1359,LUNG
BICR31_UPPER_AERODIGESTIVE_TRACT,BICR31_UPPER_AERODIGESTIVE,TRACT
COV362_OVARY,COV362,OVARY
COLO792_SKIN,COLO792,SKIN
COV434_OVARY,COV434,OVARY
WM983B_SKIN,WM983B,SKIN
HS751T_FIBROBLAST,HS751T,FIBROBLAST
LS513_LARGE_INTESTINE,LS513_LARGE,INTESTINE
NCIH2110_LUNG,NCIH2110,LUNG
CHAGOK1_LUNG,CHAGOK1,LUNG
DMS454_LUNG,DMS454,LUNG
CORL47_LUNG,CORL47,LUNG
FTC238_THYROID,FTC238,THYROID
DMS273_LUNG,DMS273,LUNG
FTC133_THYROID,FTC133,THYROID
CORL311_LUNG,CORL311,LUNG
NCIH2286_LUNG,NCIH2286,LUNG
NCIH1339_LUNG,NCIH1339,LUNG
WM793_SKIN,WM793,SKIN
A704_KIDNEY,A704,KIDNEY
MDAMB435S_SKIN,MDAMB435S,SKIN
WM1799_SKIN,WM1799,SKIN
MEWO_SKIN,MEWO,SKIN
WM88_SKIN,WM88,SKIN
NCIH2081_LUNG,NCIH2081,LUNG
HS255T_FIBROBLAST,HS255T,FIBROBLAST
NCIH1092_LUNG,NCIH1092,LUNG
SW837_LARGE_INTESTINE,SW837_LARGE,INTESTINE
JHH6_LIVER,JHH6,LIVER
IGR1_SKIN,IGR1,SKIN
NCIH1105_LUNG,NCIH1105,LUNG
NCIH1436_LUNG,NCIH1436,LUNG
NCIH1876_LUNG,NCIH1876,LUNG
CORL24_LUNG,CORL24,LUNG
COV644_OVARY,COV644,OVARY
GP2D_LARGE_INTESTINE,GP2D_LARGE,INTESTINE
PECAPJ15_UPPER_AERODIGESTIVE_TRACT,PECAPJ15_UPPER_AERODIGESTIVE,TRACT
CORL88_LUNG,CORL88,LUNG
CORL95_LUNG,CORL95,LUNG
PECAPJ49_UPPER_AERODIGESTIVE_TRACT,PECAPJ49_UPPER_AERODIGESTIVE,TRACT
PECAPJ34CLONEC12_UPPER_AERODIGESTIVE_TRACT,PECAPJ34CLONEC12_UPPER_AERODIGESTIVE,TRACT
CORL51_LUNG,CORL51,LUNG
RT11284_URINARY_TRACT,RT11284_URINARY,TRACT
PECAPJ41CLONED2_UPPER_AERODIGESTIVE_TRACT,PECAPJ41CLONED2_UPPER_AERODIGESTIVE,TRACT
OV7_OVARY,OV7,OVARY
HT55_LARGE_INTESTINE,HT55_LARGE,INTESTINE
OAW42_OVARY,OAW42,OVARY
MDST8_LARGE_INTESTINE,MDST8_LARGE,INTESTINE
OAW28_OVARY,OAW28,OVARY
SUIT2_PANCREAS,SUIT2,PANCREAS
LC1SQSF_LUNG,LC1SQSF,LUNG
KASUMI1_HAEMATOPOIETIC_AND_LYMPHOID_TISSUE,KASUMI1_HAEMATOPOIETIC_AND_LYMPHOID,TISSUE
SUPM2_HAEMATOPOIETIC_AND_LYMPHOID_TISSUE,SUPM2_HAEMATOPOIETIC_AND_LYMPHOID,TISSUE
SKHEP1_LIVER,SKHEP1,LIVER
OVCAR8_OVARY,OVCAR8,OVARY
NCIH2172_LUNG,NCIH2172,LUNG
ISHIKAWAHERAKLIO02ER_ENDOMETRIUM,ISHIKAWAHERAKLIO02ER,ENDOMETRIUM
NCIH596_LUNG,NCIH596,LUNG
NCIH650_LUNG,NCIH650,LUNG
SW1573_LUNG,SW1573,LUNG
OVMANA_OVARY,OVMANA,OVARY
SKCO1_LARGE_INTESTINE,SKCO1_LARGE,INTESTINE
KARPAS299_HAEMATOPOIETIC_AND_LYMPHOID_TISSUE,KARPAS299_HAEMATOPOIETIC_AND_LYMPHOID,TISSUE
YAPC_PANCREAS,YAPC,PANCREAS
HT1197_URINARY_TRACT,HT1197_URINARY,TRACT
A253_SALIVARY_GLAND,A253_SALIVARY,GLAND
HCC366_LUNG,HCC366,LUNG
DKMG_CENTRAL_NERVOUS_SYSTEM,DKMG_CENTRAL_NERVOUS,SYSTEM
SNU349_KIDNEY,SNU349,KIDNEY
UMUC1_URINARY_TRACT,UMUC1_URINARY,TRACT
NAMALWA_HAEMATOPOIETIC_AND_LYMPHOID_TISSUE,NAMALWA_HAEMATOPOIETIC_AND_LYMPHOID,TISSUE
NCIH292_LUNG,NCIH292,LUNG
59M_OVARY,59M,OVARY
U118MG_CENTRAL_NERVOUS_SYSTEM,U118MG_CENTRAL_NERVOUS,SYSTEM
VMRCLCD_LUNG,VMRCLCD,LUNG
HCC1833_LUNG,HCC1833,LUNG
RH30_SOFT_TISSUE,RH30_SOFT,TISSUE
TCCSUP_URINARY_TRACT,TCCSUP_URINARY,TRACT
SNU601_STOMACH,SNU601,STOMACH
CAL33_UPPER_AERODIGESTIVE_TRACT,CAL33_UPPER_AERODIGESTIVE,TRACT
SNU668_STOMACH,SNU668,STOMACH
CORL279_LUNG,CORL279,LUNG
GB1_CENTRAL_NERVOUS_SYSTEM,GB1_CENTRAL_NERVOUS,SYSTEM
KURAMOCHI_OVARY,KURAMOCHI,OVARY
COLO775_HAEMATOPOIETIC_AND_LYMPHOID_TISSUE,COLO775_HAEMATOPOIETIC_AND_LYMPHOID,TISSUE
COLO684_ENDOMETRIUM,COLO684,ENDOMETRIUM
KLM1_PANCREAS,KLM1,PANCREAS
GRM_SKIN,GRM,SKIN
SNU685_ENDOMETRIUM,SNU685,ENDOMETRIUM
CMK86_HAEMATOPOIETIC_AND_LYMPHOID_TISSUE,CMK86_HAEMATOPOIETIC_AND_LYMPHOID,TISSUE
SNU886_LIVER,SNU886,LIVER
HCT8_LARGE_INTESTINE,HCT8_LARGE,INTESTINE
NCCSTCK140_STOMACH,NCCSTCK140,STOMACH
NCIH3255_LUNG,NCIH3255,LUNG
SNU719_STOMACH,SNU719,STOMACH
SNU489_CENTRAL_NERVOUS_SYSTEM,SNU489_CENTRAL_NERVOUS,SYSTEM
SNU81_LARGE_INTESTINE,SNU81_LARGE,INTESTINE
A2058_SKIN,A2058,SKIN
HTK_HAEMATOPOIETIC_AND_LYMPHOID_TISSUE,HTK_HAEMATOPOIETIC_AND_LYMPHOID,TISSUE
SNU1040_LARGE_INTESTINE,SNU1040_LARGE,INTESTINE
SNU1076_UPPER_AERODIGESTIVE_TRACT,SNU1076_UPPER_AERODIGESTIVE,TRACT
SNU175_LARGE_INTESTINE,SNU175_LARGE,INTESTINE
SNU407_LARGE_INTESTINE,SNU407_LARGE,INTESTINE
SNU201_CENTRAL_NERVOUS_SYSTEM,SNU201_CENTRAL_NERVOUS,SYSTEM
KMS20_HAEMATOPOIETIC_AND_LYMPHOID_TISSUE,KMS20_HAEMATOPOIETIC_AND_LYMPHOID,TISSUE
SNU216_STOMACH,SNU216,STOMACH
SNU1196_BILIARY_TRACT,SNU1196_BILIARY,TRACT
SNU1079_BILIARY_TRACT,SNU1079_BILIARY,TRACT
HCC1195_LUNG,HCC1195,LUNG
NCIH854_LUNG,NCIH854,LUNG
SNU466_CENTRAL_NERVOUS_SYSTEM,SNU466_CENTRAL_NERVOUS,SYSTEM
YD38_UPPER_AERODIGESTIVE_TRACT,YD38_UPPER_AERODIGESTIVE,TRACT
SNU1105_CENTRAL_NERVOUS_SYSTEM,SNU1105_CENTRAL_NERVOUS,SYSTEM
SNU283_LARGE_INTESTINE,SNU283_LARGE,INTESTINE
SNU46_UPPER_AERODIGESTIVE_TRACT,SNU46_UPPER_AERODIGESTIVE,TRACT
SNU308_BILIARY_TRACT,SNU308_BILIARY,TRACT
YD8_UPPER_AERODIGESTIVE_TRACT,YD8_UPPER_AERODIGESTIVE,TRACT
SNU245_BILIARY_TRACT,SNU245_BILIARY,TRACT
SNU478_BILIARY_TRACT,SNU478_BILIARY,TRACT
SNU410_PANCREAS,SNU410,PANCREAS
SNU899_UPPER_AERODIGESTIVE_TRACT,SNU899_UPPER_AERODIGESTIVE,TRACT
SNU503_LARGE_INTESTINE,SNU503_LARGE,INTESTINE
