name,dedicatedColor,shortName,parent,cancerTypeId
Aggressive Angiomyxoma,LightYellow,AA,soft_tissue,aa
Activated B-cell Type,LimeGreen,ABC,dlbclnos,abc
Acute Basophilic Leukemia,LightSalmon,ABL,amlnos,abl
Adrenocortical Adenoma,Purple,ACA,adrenal_gland,aca
Adenoid Cystic Breast Cancer,HotPink,ACBC,brca,acbc
Adrenocortical Carcinoma,Purple,ACC,adrenal_gland,acc
Acinic Cell Carcinoma,DarkRed,ACCC,saca,accc
Adenoid Cystic Carcinoma of the Lacrimal Gland,Green,ACLG,lgt,aclg
"Atypical Chronic Myeloid Leukemia, BCR-ABL1-",LightSalmon,ACML,mds/mpn,acml
"Acinar Cell Carcinoma, NOS",Black,ACN,cup,acn
"Craniopharyngioma, Adamantinomatous Type",Gray,ACPG,selt,acpg
Atypical Choroid Plexus Papilloma,Gray,ACPP,cpt,acpp
Acral Melanoma,Black,ACRM,mel,acrm
Adenoid Cystic Carcinoma,DarkRed,ACYC,saca,acyc
Adult-Type Diffuse Glioma,Gray,ADIFG,difg,adifg
Adamantinoma,White,ADMA,bone,adma
"Adenocarcinoma, NOS",Black,ADNOS,cup,adnos
Aggressive Digital Papillary Adenocarcinoma,Black,ADPA,skin,adpa
Adrenal Gland,Purple,ADRENAL_GLAND,tissue,adrenal_gland
Sweat Gland Carcinoma/Apocrine Eccrine Carcinoma,Black,AECA,skin,aeca
Angiomatoid Fibrous Histiocytoma,LightYellow,AFH,soft_tissue,afh
Atypical Fibroxanthoma,Black,AFX,skin,afx
Anal Gland Adenocarcinoma,SaddleBrown,AGA,bowel,aga
Anaplastic Ganglioglioma,Gray,AGNG,encg,agng
Alpha Heavy-Chain Disease,LimeGreen,AHCD,mbn,ahcd
Adenocarcinoma In Situ,Black,AIS,other,ais
Angioimmunoblastic T-Cell Lymphoma,LimeGreen,AITL,mtnn,aitl
Acute Leukemias of Ambiguous Lineage,LightSalmon,ALAL,mnm,alal
Anaplastic Large Cell Lymphoma,LimeGreen,ALCL,mtnn,alcl
Anaplastic Large-Cell Lymphoma ALK Negative,LimeGreen,ALCLALKN,alcl,alclalkn
Anaplastic Large-Cell Lymphoma ALK Positive,LimeGreen,ALCLALKP,alcl,alclalkp
ALK Positive Large B-Cell Lymphoma,LimeGreen,ALKLBCL,mbn,alklbcl
Atypical Lipomatous Tumor,LightYellow,ALT,soft_tissue,alt
Atypical Lung Carcinoid,Gainsboro,ALUCA,lnet,aluca
AML with Maturation,LightSalmon,AM,amlnos,am
Large Cell/Anaplastic Medulloblastoma,Gray,AMBL,embt,ambl
"Anaplastic Medulloblastoma, NOS",Gray,AMBLNOS,ambl,amblnos
"Anaplastic Medulloblastoma, Non-WNT, Non-SHH",Gray,AMBLNWS,ambl,amblnws
"Anaplastic Medulloblastoma, Group 3",Gray,AMBLNWSG3,amblnws,amblnwsg3
"Anaplastic Medulloblastoma, Group 4",Gray,AMBLNWSG4,amblnws,amblnwsg4
"Anaplastic Medulloblastoma, SHH Subtype",Gray,AMBLSHH,ambl,amblshh
Acute Megakaryoblastic Leukemia,LightSalmon,AMKL,amlnos,amkl
Acute Myeloid Leukemia,LightSalmon,AML,mnm,aml
AML with BCR-ABL1,LightSalmon,AMLBCRABL1,amlrga,amlbcrabl1
AML with inv(16)(p13.1q22) or t(16;16)(p13.1;q22);CBFB-MYH11,LightSalmon,AMLCBFBMYH11,amlrga,amlcbfbmyh11
AML with Biallelic Mutations of CEBPA,LightSalmon,AMLCEBPA,amlrga,amlcebpa
AML with t(6;9)(p23;q34.1);DEK-NUP214,LightSalmon,AMLDEKNUP214,amlrga,amldeknup214
"AML with inv(3)(q21.3q26.2) or t(3;3)(q21.3;q26.2); GATA2, MECOM",LightSalmon,AMLGATA2MECOM,amlrga,amlgata2mecom
AML with Minimal Differentiation,LightSalmon,AMLMD,amlnos,amlmd
AML with t(9;11)(p21.3;q23.3);MLLT3-KMT2A,LightSalmon,AMLMLLT3KMT2A,amlrga,amlmllt3kmt2a
AML with Myelodysplasia-Related Changes,LightSalmon,AMLMRC,aml,amlmrc
"AML, NOS",LightSalmon,AMLNOS,aml,amlnos
AML with Mutated NPM1,LightSalmon,AMLNPM1,amlrga,amlnpm1
AML with Variant RARA translocation,LightSalmon,AMLRARA,amlrga,amlrara
AML (megakaryoblastic) with t(1;22)(p13.3;q13.3);RBM15-MKL1,LightSalmon,AMLRBM15MKL1,amlrga,amlrbm15mkl1
AML with Recurrent Genetic Abnormalities,LightSalmon,AMLRGA,aml,amlrga
AML with Mutated RUNX1,LightSalmon,AMLRUNX1,amlrga,amlrunx1
AML with t(8;21)(q22;q22.1);RUNX1-RUNX1T1,LightSalmon,AMLRUNX1RUNX1T1,amlrga,amlrunx1runx1t1
Acute Myelomonocytic Leukemia,LightSalmon,AMML,amlnos,amml
Acute Monoblastic/Monocytic Leukemia,LightSalmon,AMOL,amlnos,amol
Ampullary Carcinoma,Purple,AMPCA,ampulla_of_vater,ampca
Ampulla of Vater,Purple,AMPULLA_OF_VATER,tissue,ampulla_of_vater
Atypical Nevus,Black,AN,skin,an
Angiocentric Glioma,Gray,ANGL,pdiflg,angl
Angiosarcoma,LightYellow,ANGS,soft_tissue,angs
Aggressive NK-Cell Leukemia,LimeGreen,ANKL,mtnn,ankl
Anaplastic Meningioma,Gray,ANM,mngt,anm
Anal Squamous Cell Carcinoma,SaddleBrown,ANSC,bowel,ansc
Appendiceal Adenocarcinoma,SaddleBrown,APAD,bowel,apad
Anaplastic Ependymoma,Gray,APE,epmt,ape
APL with PML-RARA,LightSalmon,APLPMLRARA,amlrga,aplpmlrara
Acute Panmyelosis with Myelofibrosis,LightSalmon,APMF,amlnos,apmf
Atypical Pituitary Adenoma,Gray,APTAD,selt,aptad
Anaplastic Pleomorphic Xanthoastrocytoma,Gray,APXA,encg,apxa
Adenocarcinoma in Retrorectal Cystic Hamartoma,Black,ARCH,other,arch
Anorectal Mucosal Melanoma,SaddleBrown,ARMM,bowel,armm
Alveolar Rhabdomyosarcoma,LightYellow,ARMS,rms,arms
Adenosquamous Carcinoma of the Tongue,DarkRed,ASCT,ohnca,asct
Aggressive Systemic Mastocytosis,LightSalmon,ASM,sm,asm
Alveolar Soft Part Sarcoma,LightYellow,ASPS,soft_tissue,asps
Astroblastoma,Gray,ASTB,mnet,astb
"Astrocytoma, IDH-Mutant",Gray,ASTR,adifg,astr
"Astrocytoma, IDH-Mutant, Grade 2",Gray,ASTR2,astr,astr2
"Astrocytoma, IDH-Mutant, Grade 3",Gray,ASTR3,astr,astr3
"Astrocytoma, IDH-Mutant, Grade 4",Gray,ASTR4,astr,astr4
Adult T-Cell Leukemia/Lymphoma,LimeGreen,ATLL,mtnn,atll
Atypical Meningioma,Gray,ATM,mngt,atm
Atypical Teratoid/Rhabdoid Tumor,Gray,ATRT,embt,atrt
Acute Undifferentiated Leukemia,LightSalmon,AUL,alal,aul
Well-Differentiated Neuroendocrine Tumor of the Appendix,SaddleBrown,AWDNET,ginet,awdnet
AML without Maturation,LightSalmon,AWM,amlnos,awm
Breast Angiosarcoma,HotPink,BA,pbs,ba
Basal Cell Adenocarcinoma,DarkRed,BCAC,saca,bcac
Basal Cell Carcinoma,Black,BCC,skin,bcc
Choriocarcinoma,Gray,BCCA,bgct,bcca
Basal Cell Carcinoma of Prostate,Cyan,BCCP,prostate,bccp
"B-Cell Lymphoma, Unclassifiable, with Features Intermediate between DLBCL and Classical Hodgkin lymphoma",LimeGreen,BCLU,mbn,bclu
Embryonal Carcinoma,Gray,BEC,bgct,bec
Breast Fibroepithelial Neoplasms,HotPink,BFN,breast,bfn
"Germ Cell Tumor, Brain",Gray,BGCT,brain,bgct
Breast Implant-Associated Anaplastic Large-Cell Lymphoma,LimeGreen,BIALCL,alcl,bialcl
Biliary Tract,Green,BILIARY_TRACT,tissue,biliary_tract
Immature Teratoma,Gray,BIMT,bgct,bimt
Burkitt Lymphoma,LimeGreen,BL,mbn,bl
Bladder Adenocarcinoma,Yellow,BLAD,bladder,blad
Bladder/Urinary Tract,Yellow,BLADDER,tissue,bladder
Bladder Urothelial Carcinoma,Yellow,BLCA,bladder,blca
Basaloid Large Cell Carcinoma of the Lung,Gainsboro,BLCLC,lclc,blclc
B-Lymphoblastic Leukemia/Lymphoma,LimeGreen,BLL,lnm,bll
Burkitt-Like Lymphoma with 11q Aberration,LimeGreen,BLL11Q,mbn,bll11q
B-Lymphoblastic Leukemia/Lymphoma with t(9;22)(q34.1;q11.2);BCR-ABL1,LimeGreen,BLLBCRABL1,bllrga,bllbcrabl1
"B-Lymphoblastic Leukemia/Lymphoma, BCR-ABL1 Like",LimeGreen,BLLBCRABL1L,bllrga,bllbcrabl1l
B-Lymphoblastic Leukemia/Lymphoma with t(12;21)(p13.2;q22.1); ETV6-RUNX1,LimeGreen,BLLETV6RUNX1,bllrga,blletv6runx1
B-Lymphoblastic Leukemia/Lymphoma with Hyperdiploidy,LimeGreen,BLLHYPER,bllrga,bllhyper
B-Lymphoblastic Leukemia/Lymphoma with Hypodiploidy,LimeGreen,BLLHYPO,bllrga,bllhypo
B-Lymphoblastic Leukemia/Lymphoma with iAMP21,LimeGreen,BLLIAMP21,bllrga,blliamp21
B-Lymphoblastic Leukemia/Lymphoma with t(5;14)(q31.1;q32.3) IL3-IGH,LimeGreen,BLLIL3IGH,bllrga,bllil3igh
B-Lymphoblastic Leukemia/Lymphoma with t(v;11q23.3);KMT2A Rearranged,LimeGreen,BLLKMT2A,bllrga,bllkmt2a
"B-Lymphoblastic Leukemia/Lymphoma, NOS",LimeGreen,BLLNOS,bll,bllnos
B-Lymphoblastic Leukemia/Lymphoma with Recurrent Genetic Abnormalities,LimeGreen,BLLRGA,bll,bllrga
B-Lymphoblastic Leukemia/Lymphoma with t(1;19)(q23;p13.3);TCF3-PBX1,LimeGreen,BLLTCF3PBX1,bllrga,blltcf3pbx1
Borderline Phyllodes Tumor of the Breast,HotPink,BLPT,pt,blpt
Bladder Squamous Cell Carcinoma,Yellow,BLSC,bladder,blsc
Mixed Germ Cell Tumor,Gray,BMGCT,bgct,bmgct
Malignant Teratoma,Gray,BMGT,bgct,bmgt
Mature Teratoma,Gray,BMT,bgct,bmt
"Breast Neoplasm, NOS",HotPink,BNNOS,breast,bnnos
Bone,White,BONE,tissue,bone
Bowel,SaddleBrown,BOWEL,tissue,bowel
Blastic Plasmacytoid Dendritic Cell Neoplasm,LightSalmon,BPDCN,mnm,bpdcn
B-Cell Prolymphocytic Leukemia,LimeGreen,BPLL,mbn,bpll
Basaloid Penile Squamous Cell Carcinoma,Blue,BPSCC,pscc,bpscc
Benign Phyllodes Tumor of the Breast,HotPink,BPT,pt,bpt
CNS/Brain,Gray,BRAIN,tissue,brain
Adenomyoepithelioma of the Breast,HotPink,BRAME,breast,brame
Invasive Breast Carcinoma,HotPink,BRCA,breast,brca
"Breast Invasive Cancer, NOS",HotPink,BRCANOS,brca,brcanos
"Breast Invasive Carcinoma, NOS",HotPink,BRCNOS,brca,brcnos
Breast,HotPink,BREAST,tissue,breast
Breast Carcinoma with Signet Ring,HotPink,BRSRCC,brca,brsrcc
"Brenner Tumor, Benign",LightBlue,BTBEOV,btov,btbeov
"Brenner Tumor, Borderline",LightBlue,BTBOV,btov,btbov
"Brenner Tumor, Malignant",LightBlue,BTMOV,btov,btmov
Brenner Tumor,LightBlue,BTOV,ovt,btov
Yolk Sac Tumor,Gray,BYST,bgct,byst
Cervical Adenoid Basal Carcinoma,Teal,CABC,cervix,cabc
Cervical Adenoid Cystic Carcinoma,Teal,CACC,cervix,cacc
Carcinoma ex Pleomorphic Adenoma,DarkRed,CAEXPA,saca,caexpa
Colon Adenocarcinoma In Situ,SaddleBrown,CAIS,coadread,cais
Clear Cell Borderline Ovarian Tumor,LightBlue,CCBOV,ovt,ccbov
Clear Cell Ependymoma,Gray,CCE,epmt,cce
Conventional Type Chordoma,White,CCHDM,chdm,cchdm
Carcinoma with Chondroid Metaplasia,HotPink,CCHM,mmbc,cchm
Clear Cell Carcinoma of the Lung,Gainsboro,CCLC,lclc,cclc
Clear cell Meningioma,Gray,CCM,mngt,ccm
Clear Cell Odontogenic Carcinoma,DarkRed,CCOC,odgc,ccoc
Clear Cell Ovarian Cancer,LightBlue,CCOV,ovt,ccov
Clear Cell Papillary Renal Cell Carcinoma,Orange,CCPRC,nccrcc,ccprc
Renal Clear Cell Carcinoma,Orange,CCRCC,rcc,ccrcc
Clear Cell Sarcoma,LightYellow,CCS,soft_tissue,ccs
Clear Cell Sarcoma of Kidney,Orange,CCSK,kidney,ccsk
Collecting Duct Renal Cell Carcinoma,Orange,CDRCC,nccrcc,cdrcc
Cervical Adenocarcinoma,Teal,CEAD,cervix,cead
Cervical Adenocarcinoma In Situ,Teal,CEAIS,cervix,ceais
Cervical Adenosquamous Carcinoma,Teal,CEAS,cervix,ceas
Cervical Clear Cell Carcinoma,Teal,CECC,cead,cecc
Cervical Endometrioid Carcinoma,Teal,CEEN,cead,ceen
Glassy Cell Carcinoma of the Cervix,Teal,CEGCC,cervix,cegcc
Cervical Leiomyosarcoma,Teal,CELI,cervix,celi
"Chronic Eosinophilic Leukemia, NOS",LightSalmon,CELNOS,mpn,celnos
Mesonephric Carcinoma,Teal,CEMN,cead,cemn
Mucinous Carcinoma,Teal,CEMU,cead,cemu
Cervical Neuroendocrine Tumor,Teal,CENE,cervix,cene
Cervical Rhabdomyosarcoma,Teal,CERMS,cervix,cerms
Cervix,Teal,CERVIX,tissue,cervix
Cervical Squamous Cell Carcinoma,Teal,CESC,cervix,cesc
Cervical Serous Carcinoma,Teal,CESE,cead,cese
Villoglandular Carcinoma,Teal,CEVG,cead,cevg
Chondroblastoma,White,CHBL,bone,chbl
Chordoma,White,CHDM,bone,chdm
Chordoid Glioma of the Third Ventricle,Gray,CHGL,mnet,chgl
Classical Hodgkin Lymphoma,LimeGreen,CHL,hl,chl
Classical Hodgkin Lymphoma PTLD,LimeGreen,CHLPTLD,ptld,chlptld
Complete Hydatidiform Mole,PeachPuff,CHM,mp,chm
Cholangiocarcinoma,Green,CHOL,ipn,chol
Chordoid Meningioma,Gray,CHOM,mngt,chom
Chondroblastic Osteosarcoma,White,CHOS,os,chos
Chromophobe Renal Cell Carcinoma,Orange,CHRCC,nccrcc,chrcc
Chondrosarcoma,White,CHS,bone,chs
Chronic Lymphocytic Leukemia/Small Lymphocytic Lymphoma,LimeGreen,CLLSLL,mbn,cllsll
Cerebellar Liponeurocytoma,Gray,CLNC,mnet,clnc
Chronic Lymphoproliferative Disorder of NK Cells,LimeGreen,CLPDNK,mtnn,clpdnk
Conjunctival Melanoma,Green,CM,om,cm
Medullary Carcinoma of the Colon,SaddleBrown,CMC,bowel,cmc
Cutaneous Mastocytosis,LightSalmon,CMCD,mcd,cmcd
Chronic Myelogenous Leukemia,LightSalmon,CML,mpn,cml
"Chronic Myeloid Leukemia, BCR-ABL1+",LightSalmon,CMLBCRABL1,cml,cmlbcrabl1
Chronic Myelomonocytic Leukemia,LightSalmon,CMML,mds/mpn,cmml
Chronic Myelomonocytic Leukemia-0,LightSalmon,CMML0,cmml,cmml0
Chronic Myelomonocytic Leukemia-1,LightSalmon,CMML1,cmml,cmml1
Chronic Myelomonocytic Leukemia-2,LightSalmon,CMML2,cmml,cmml2
Ciliated Muconodular Papillary Tumor of the Lung,Gainsboro,CMPT,nsclc,cmpt
Central Neurocytoma,Gray,CNC,mnet,cnc
Chronic Neutrophilic Leukemia,LightSalmon,CNL,mpn,cnl
Colon Adenocarcinoma,SaddleBrown,COAD,coadread,coad
Colorectal Adenocarcinoma,SaddleBrown,COADREAD,bowel,coadread
Carcinoma with Osseous Metaplasia,HotPink,COM,mmbc,com
Choroid Plexus Carcinoma,Gray,CPC,cpt,cpc
Choroid Plexus Papilloma,Gray,CPP,cpt,cpp
Choroid Plexus Tumor,Gray,CPT,brain,cpt
Cutaneous Squamous Cell Carcinoma,Black,CSCC,skin,cscc
Cellular Schwannoma,Gray,CSCHW,schw,cschw
Combined Small Cell Lung Carcinoma,Gainsboro,CSCLC,lung,csclc
"Breast Invasive Carcinosarcoma, NOS",HotPink,CSNOS,brca,csnos
Colonic Type Adenocarcinoma of the Appendix,SaddleBrown,CTAAP,apad,ctaap
Cancer of Unknown Primary,Black,CUP,other,cup
"Cancer of Unknown Primary, NOS",Black,CUPNOS,cup,cupnos
Duodenal Adenocarcinoma,SaddleBrown,DA,sbc,da
"Diffuse Astrocytoma, MYB- or MYBL1-Altered",Gray,DASTR,pdiflg,dastr
Breast Ductal Carcinoma In Situ,HotPink,DCIS,breast,dcis
Dendritic Cell Sarcoma,LightYellow,DCS,soft_tissue,dcs
Dedifferentiated Chordoma,White,DDCHDM,chdm,ddchdm
Dedifferentiated Chondrosarcoma,White,DDCHS,chs,ddchs
Dedifferentiated Liposarcoma,LightYellow,DDLS,lipo,ddls
Desmoid/Aggressive Fibromatosis,LightYellow,DES,soft_tissue,des
Desmoplastic Melanoma,Black,DESM,mel,desm
Dermatofibroma,Black,DF,skin,df
Duodenal-Type Follicular Lymphoma,LimeGreen,DFL,fl,dfl
Dermatofibrosarcoma Protuberans,Black,DFSP,skin,dfsp
"Diffuse Hemispheric Glioma, H3 G34-Mutant",Gray,DHG,pdifhg,dhg
Desmoplastic Infantile Astrocytoma,Gray,DIA,mnet,dia
Diffuse Glioma,Gray,DIFG,brain,difg
Desmoplastic Infantile Ganglioglioma,Gray,DIG,mnet,dig
DLBCL Associated with Chronic Inflammation,LimeGreen,DLBCLCI,mbn,dlbclci
"Diffuse Large B-Cell Lymphoma, NOS",LimeGreen,DLBCLNOS,mbn,dlbclnos
"Diffuse Low-Grade Glioma, MAPK Pathway-Altered",Gray,DLGGMAPK,pdiflg,dlggmapk
Desmoplastic/Nodular Medulloblastoma,Gray,DMBL,embt,dmbl
"Desmoplastic/Nodular Medulloblastoma, NOS",Gray,DMBLNOS,dmbl,dmblnos
"Desmoplastic/Nodular Medulloblastoma, SHH Subtype",Gray,DMBLSHH,dmbl,dmblshh
"Diffuse Midline Glioma, H3 K27-Altered",Gray,DMG,pdifhg,dmg
Dysembryoplastic Neuroepithelial Tumor,Gray,DNT,encg,dnt
"Diffuse Pediatric-Type High-Grade Glioma, H3-Wildtype and IDH-Wildtype",Gray,DPHGG,pdifhg,dphgg
Desmoplastic Small-Round-Cell Tumor,LightYellow,DSRCT,soft_tissue,dsrct
Diffuse Type Stomach Adenocarcinoma,LightSkyBlue,DSTAD,stad,dstad
Desmoplastic Trichoepithelioma,Black,DTE,skin,dte
Enteropathy-Associated T-Cell Lymphoma,LimeGreen,EATL,mtnn,eatl
Endometrioid Borderlin Ovarian Tumor,LightBlue,EBOV,ovt,ebov
"EBV Positive DLBCL, NOS",LimeGreen,EBVDLBCLNOS,mbn,ebvdlbclnos
EBV Positive Mucocutaneous Ulcer,LimeGreen,EBVMCU,mbn,ebvmcu
Endocervical Adenocarcinoma,Teal,ECAD,cead,ecad
Erdheim-Chester Disease,LightSalmon,ECD,hdcn,ecd
Esophagogastric Adenocarcinoma,LightSkyBlue,EGC,stomach,egc
Extra Gonadal Germ Cell Tumor,Black,EGCT,other,egct
Epithelioid Hemangioendothelioma,LightYellow,EHAE,soft_tissue,ehae
Extrahepatic Cholangiocarcinoma,Green,EHCH,chol,ehch
Extranodal Marginal Zone Lymphoma of Mucosa-Associated Lymphoid Tissue (MALT lymphoma),LimeGreen,EMALT,mzl,emalt
Epithelial Type Metaplastic Breast Cancer,HotPink,EMBC,mbc,embc
Embryonal Carcinoma,Red,EMBCA,nsgct,embca
Embryonal Tumor,Gray,EMBT,brain,embt
Extraskeletal Myxoid Chondrosarcoma,White,EMCHS,chs,emchs
Extramammary Paget Disease,Black,EMPD,skin,empd
Endocrine Mucin Producing Sweat Gland Carcinoma,Black,EMPSGC,skin,empsgc
Epithelial-Myoepithelial Carcinoma,DarkRed,EMYOCA,ohnca,emyoca
Encapsulated Glioma,Gray,ENCG,brain,encg
"Extranodal NK-/T-Cell Lymphoma, Nasal Type",LimeGreen,ENKL,mtnn,enkl
Endometrioid Ovarian Cancer,LightBlue,EOV,ovt,eov
Extraosseous Plasmacytoma,LimeGreen,EP,mbn,ep
Esophageal Poorly Differentiated Carcinoma,LightSkyBlue,EPDCA,stomach,epdca
Epithelioid Sarcoma,LightYellow,EPIS,soft_tissue,epis
Ependymoma,Gray,EPM,epmt,epm
Ependymomal Tumor,Gray,EPMT,brain,epmt
Embryonal Rhabdomyosarcoma,LightYellow,ERMS,rms,erms
Ewing Sarcoma,White,ES,bone,es
Esophageal Adenocarcinoma,LightSkyBlue,ESCA,egc,esca
Esophageal Squamous Cell Carcinoma,LightSkyBlue,ESCC,stomach,escc
Mucosal Melanoma of the Esophagus,LightSkyBlue,ESMM,stomach,esmm
Endometrial Stromal Sarcoma,PeachPuff,ESS,usarc,ess
Ewing Sarcoma of Soft Tissue,LightYellow,ESST,soft_tissue,esst
Essential Thrombocythemia,LightSalmon,ET,mpn,et
Embryonal Tumor with Abundant Neuropil and True Rosettes,Gray,ETANTR,embt,etantr
Essential Thrombocythemia Myelofibrosis,LightSalmon,ETMF,et,etmf
Early T-Cell Precursor Lymphoblastic Leukemia,LimeGreen,ETPLL,tll,etpll
Epithelioid Trophoblastic Tumor,PeachPuff,ETT,gtd,ett
Extraventricular Neurocytoma,Gray,EVN,mnet,evn
Eye,Green,EYE,tissue,eye
Fibroadenoma,HotPink,FA,bfn,fa
Follicular Dendritic Cell Sarcoma,LightYellow,FDCS,hdcn,fdcs
Florid Follicular Hyperplasia PTLD,LimeGreen,FHPTLD,ptld,fhptld
FH-Deficient Renal Cell Carcinoma,Orange,FHRCC,nccrcc,fhrcc
Fibrosarcoma,LightYellow,FIBS,soft_tissue,fibs
Fibroblastic Osteosarcoma,White,FIOS,os,fios
Follicular Lymphoma,LimeGreen,FL,mbn,fl
Fibrolamellar Carcinoma,MediumSeaGreen,FLC,liver,flc
Fibroblastic Reticular Cell Tumor,LightSalmon,FRCT,hdcn,frct
Fibrothecoma,LightBlue,FT,scst,ft
Follicular T-Cell Lymphoma,LimeGreen,FTCL,mtnn,ftcl
"Glioblastoma, IDH-Wildtype",Gray,GB,adifg,gb
"Gallbladder Adenocarcinoma, NOS",Green,GBAD,gbc,gbad
Adenosquamous Carcinoma of the Gallbladder,Green,GBASC,gbc,gbasc
Gallbladder Cancer,Green,GBC,icpn,gbc
Germinal Center B-Cell Type,LimeGreen,GCB,dlbclnos,gcb
Goblet Cell Adenocarcinoma of the Appendix,SaddleBrown,GCCAP,apad,gccap
Gastric Type Mucinous Carcinoma,Teal,GCEMU,cemu,gcemu
Giant Cell Carcinoma of the Lung,Gainsboro,GCLC,lclc,gclc
Granular Cell Tumor,Gray,GCT,selt,gct
Giant Cell Tumor of Bone,White,GCTB,bone,gctb
Germ Cell Tumor with Somatic-Type Malignancy,Red,GCTSTM,nsgct,gctstm
Adenocarcinoma of the Gastroesophageal Junction,LightSkyBlue,GEJ,egc,gej
Gamma Heavy-Chain Disease,LimeGreen,GHCD,mbn,ghcd
Gastrointestinal Neuroendocrine Tumors,SaddleBrown,GINET,bowel,ginet
Gastrointestinal Neuroendocrine Tumors of the Esophagus/Stomach,LightSkyBlue,GINETES,stomach,ginetes
Gastrointestinal Stromal Tumor,LightYellow,GIST,soft_tissue,gist
Germinoma,Gray,GMN,bgct,gmn
Ganglioneuroma,Gray,GN,pns,gn
Ganglioneuroblastoma,Gray,GNBL,pns,gnbl
Gangliocytoma,Gray,GNC,encg,gnc
Ganglioglioma,Gray,GNG,encg,gng
"Glioma, NOS",Gray,GNOS,difg,gnos
Gastric Remnant Adenocarcinoma,LightSkyBlue,GRC,egc,grc
Granulosa Cell Tumor,LightBlue,GRCT,scst,grct
Glomangiosarcoma,LightYellow,GS,soft_tissue,gs
Gliosarcoma,Gray,GSARC,gb,gsarc
Gestational Trophoblastic Disease,PeachPuff,GTD,uterus,gtd
Hepatocellular Carcinoma,MediumSeaGreen,HCC,liver,hcc
Hepatocellular Carcinoma plus Intrahepatic Cholangiocarcinoma,MediumSeaGreen,HCCIHCH,liver,hccihch
Hairy Cell Leukemia,LimeGreen,HCL,mbn,hcl
Hairy Cell Leukemia-Variant,LimeGreen,HCL-V,sblu,hcl-v
Histiocytic and Dendritic Cell Neoplasms,LightSalmon,HDCN,mnm,hdcn
Histiocytic Dendritic Cell Sarcoma,LightYellow,HDCS,dcs,hdcs
Head and Neck,DarkRed,HEAD_NECK,tissue,head_neck
Hemangioma,LightYellow,HEMA,soft_tissue,hema
"High-Grade B-Cell Lymphoma, NOS",LimeGreen,HGBCL,mbn,hgbcl
"High-Grade B-Cell Lymphoma, with MYC and BCL2 and/or BCL6 Rearrangements",LimeGreen,HGBCLMYCBCL2,mbn,hgbclmycbcl2
High-Grade Endometrial Stromal Sarcoma,PeachPuff,HGESS,ess,hgess
"High-Grade Glioma, NOS",Gray,HGGNOS,difg,hggnos
High-Grade Neuroendocrine Carcinoma of the Colon and Rectum,SaddleBrown,HGNEC,ginet,hgnec
High-Grade Neuroendocrine Carcinoma of the Esophagus,LightSkyBlue,HGNEE,ginetes,hgnee
High-Grade Neuroendocrine Carcinoma of the Stomach,LightSkyBlue,HGNES,ginetes,hgnes
High-Grade Neuroepithelial Tumor,Gray,HGNET,mbt,hgnet
High-Grade Neuroendocrine Carcinoma of the Ovary,LightBlue,HGONEC,oovc,hgonec
High-Grade Serous Fallopian Tube Cancer,LightBlue,HGSFT,oovc,hgsft
High-Grade Serous Ovarian Cancer,LightBlue,HGSOC,soc,hgsoc
High-Grade Surface Osteosarcoma,White,HGSOS,os,hgsos
"HHV8 Positive DLBCL, NOS",LimeGreen,HHV8DLBCL,mbn,hhv8dlbcl
Hodgkin Lymphoma,LimeGreen,HL,lnm,hl
Hemangioblastoma,Gray,HMBL,mbt,hmbl
Mammary Analogue Secretory Carcinoma of Salivary Gland Origin,DarkRed,HNMASC,saca,hnmasc
Head and Neck Mucosal Melanoma,DarkRed,HNMUCM,head_neck,hnmucm
Head and Neck Neuroendocrine Carcinoma,DarkRed,HNNE,ohnca,hnne
Head and Neck Squamous Cell Carcinoma,DarkRed,HNSC,head_neck,hnsc
Head and Neck Squamous Cell Carcinoma of Unknown Primary,DarkRed,HNSCUP,hnsc,hnscup
Hemangiopericytoma of the Central Nervous System,Gray,HPCCNS,mngt,hpccns
Hypopharynx Squamous Cell Carcinoma,DarkRed,HPHSC,hnsc,hphsc
Histiocytic Sarcoma,LightSalmon,HS,hdcn,hs
Hepatosplenic T-cell Lymphoma,LimeGreen,HSTCL,mtnn,hstcl
Hyalinizing Trabecular Adenoma of the Thyroid,Teal,HTAT,thyroid,htat
Hydroa Vacciniforme Like Lymphoproliferative Disorder,LimeGreen,HVLL,mtnn,hvll
Intestinal Ampullary Carcinoma,Purple,IAMPCA,ampca,iampca
Inflammatory Breast Cancer,HotPink,IBC,breast,ibc
Intestinal Type Mucinous Carcinoma,Teal,ICEMU,cemu,icemu
Intracholecystic Papillary Neoplasm,Green,ICPN,biliary_tract,icpn
Breast Invasive Ductal Carcinoma,HotPink,IDC,brca,idc
Interdigitating Dendritic Cell Sarcoma,LightYellow,IDCS,hdcn,idcs
Indeterminate Dendritic Cell Tumor,LightSalmon,IDCT,hdcn,idct
Infantile Fibrosarcoma,LightYellow,IFS,soft_tissue,ifs
Intrahepatic Cholangiocarcinoma,Green,IHCH,chol,ihch
Infant-Type Hemispheric Glioma,Gray,IHG,pdifhg,ihg
Invasive Hydatidiform Mole,PeachPuff,IHM,mp,ihm
Breast Invasive Lobular Carcinoma,HotPink,ILC,brca,ilc
Breast Invasive Mixed Mucinous Carcinoma,HotPink,IMMC,brca,immc
Infectious Mononucleosis PTLD,LimeGreen,IMPTLD,ptld,imptld
Myofibromatosis,LightYellow,IMS,soft_tissue,ims
Inflammatory Myofibroblastic Tumor,LightYellow,IMT,soft_tissue,imt
Inflammatory Myofibroblastic Bladder Tumor,Yellow,IMTB,bladder,imtb
Inflammatory Myofibroblastic Lung Tumor,Gainsboro,IMTL,lung,imtl
Intimal Sarcoma,LightYellow,INTS,soft_tissue,ints
Intraductal Oncocytic Papillary Neoplasm,Purple,IOPN,pact,iopn
Intraductal Papillary Mucinous Neoplasm,Purple,IPMN,pact,ipmn
Intraductal Papillary Neoplasm of the Bile Duct,Green,IPN,biliary_tract,ipn
In Situ Follicular Neoplasia,LimeGreen,ISFN,fl,isfn
Indolent Systemic Mastocytosis,LightSalmon,ISM,sm,ism
In Situ Mantle Cell Neoplasia,LimeGreen,ISMCL,mcl,ismcl
Intestinal Type Stomach Adenocarcinoma,LightSkyBlue,ISTAD,stad,istad
Indolent T-Cell Lymphoproliferative Disorder of the GI Tract,LimeGreen,ITLPDGI,mtnn,itlpdgi
Intraductal Tubulopapillary Neoplasm,Purple,ITPN,pact,itpn
Inverted Urothelial Papilloma,Yellow,IUP,bladder,iup
Intravascular Large B-Cell Lymphoma,LimeGreen,IVBCL,mbn,ivbcl
Juvenile Myelomonocytic Leukemia,LightSalmon,JMML,mds/mpn,jmml
Juvenile Secretory Carcinoma of the Breast,HotPink,JSCB,breast,jscb
Disseminated Juvenile Xanthogranuloma,LightSalmon,JXG,xga,jxg
Kidney,Orange,KIDNEY,tissue,kidney
Lung Adenocarcinoma In Situ,Gainsboro,LAIS,lung,lais
Pulmonary Lymphangiomyomatosis,Gainsboro,LAM,lung,lam
Low-grade Appendiceal Mucinous Neoplasm,SaddleBrown,LAMN,bowel,lamn
Lymphoid Atypical,LimeGreen,LATL,lymph,latl
Lymphoid Benign,LimeGreen,LBGN,lymph,lbgn
Large B-Cell Lymphoma with IRF4 Rearrangement,LimeGreen,LBLIRF4,mbn,lblirf4
Langerhans Cell Histiocytosis,LightSalmon,LCH,hdcn,lch
Breast Lobular Carcinoma In Situ,HotPink,LCIS,breast,lcis
Large Cell Lung Carcinoma,Gainsboro,LCLC,nsclc,lclc
Langerhans Cell Sarcoma,LightSalmon,LCS,hdcn,lcs
Lymphocyte-Depleted Classical Hodgkin Lymphoma,LimeGreen,LDCHL,chl,ldchl
Dysplastic Gangliocytoma of the Cerebellum/Lhermitte-Duclos Disease,Gray,LDD,mnet,ldd
Lymphoepithelioma-like Carcinoma of the Lung,Gainsboro,LECLC,lclc,leclc
Low-Grade Central Osteosarcoma,White,LGCOS,os,lgcos
Low-Grade Endometrial Stromal Sarcoma,PeachPuff,LGESS,ess,lgess
Low-Grade Fibromyxoid Sarcoma,LightYellow,LGFMS,soft_tissue,lgfms
"Low-Grade Glioma, NOS",Gray,LGGNOS,encg,lggnos
Polymorphous Low-Grade Neuroepithelial Tumor of the Young,Gray,LGNET,pdiflg,lgnet
Low-Grade Serous Ovarian Cancer,LightBlue,LGSOC,soc,lgsoc
Lacrimal Gland Tumor,Green,LGT,eye,lgt
Hepatocellular Adenoma,MediumSeaGreen,LIAD,liver,liad
Liver Angiosarcoma,MediumSeaGreen,LIAS,liver,lias
Hepatoblastoma,MediumSeaGreen,LIHB,liver,lihb
Malignant Nonepithelial Tumor of the Liver,MediumSeaGreen,LIMNET,liver,limnet
Liposarcoma,LightYellow,LIPO,soft_tissue,lipo
Liver,MediumSeaGreen,LIVER,tissue,liver
Leiomyoma,LightYellow,LM,soft_tissue,lm
Leiomyosarcoma,LightYellow,LMS,soft_tissue,lms
Lung Neuroendocrine Tumor,Gainsboro,LNET,lung,lnet
Lymphoid Neoplasm,LimeGreen,LNM,lymph,lnm
Lymphoplasmacytic Lymphoma,LimeGreen,LPL,mbn,lpl
Lymphocyte-Rich Classical Hodgkin Lymphoma,LimeGreen,LRCHL,chl,lrchl
Adenoid Cystic Carcinoma of the Lung,Gainsboro,LUACC,sgttl,luacc
Lung Adenocarcinoma,Gainsboro,LUAD,nsclc,luad
Lung Adenosquamous Carcinoma,Gainsboro,LUAS,nsclc,luas
Lung Carcinoid,Gainsboro,LUCA,lnet,luca
Mucoepidermoid Carcinoma of the Lung,Gainsboro,LUMEC,sgttl,lumec
Large Cell Neuroendocrine Carcinoma,Gainsboro,LUNE,lnet,lune
Lung,Gainsboro,LUNG,tissue,lung
Pleomorphic Carcinoma of the Lung,Gainsboro,LUPC,nsclc,lupc
Lung Squamous Cell Carcinoma,Gainsboro,LUSC,nsclc,lusc
Larynx Squamous Cell Carcinoma,DarkRed,LXSC,hnsc,lxsc
Lymphomatoid Granulomatosis,LimeGreen,LYG,mbn,lyg
Lymphoid,LimeGreen,LYMPH,tissue,lymph
Lymphomatoid Papulosis,LimeGreen,LYP,pclpd,lyp
Mucinous Adenocarcinoma of the Appendix,SaddleBrown,MAAP,apad,maap
Microcystic Adnexal Carcinoma,Black,MAC,skin,mac
Mucinous Adenocarcinoma of the Colon and Rectum,SaddleBrown,MACR,coadread,macr
Mixed Ampullary Carcinoma,Purple,MAMPCA,ampca,mampca
Metaplastic Adenosquamous Carcinoma,HotPink,MASC,embc,masc
Metaplastic Adenocarcinoma with Spindle Cell Differentiation,HotPink,MASCC,embc,mascc
Myeloid Atypical,LightSalmon,MATPL,myeloid,matpl
Metaplastic Breast Cancer,HotPink,MBC,breast,mbc
Medulloblastoma with Extensive Nodularity,Gray,MBEN,embt,mben
"Medulloblastoma with Extensive Nodularity, NOS",Gray,MBENNOS,mben,mbennos
"Medulloblastoma with Extensive Nodularity, SHH Subtype",Gray,MBENSHH,mben,mbenshh
Myeloid Benign,LightSalmon,MBGN,myeloid,mbgn
Medulloblastoma,Gray,MBL,embt,mbl
"Medulloblastoma, Group 3",Gray,MBLG3,mblnws,mblg3
"Medulloblastoma, Group 4",Gray,MBLG4,mblnws,mblg4
"Medulloblastoma, NOS",Gray,MBLNOS,mbl,mblnos
"Medulloblastoma, Non-WNT, Non-SHH",Gray,MBLNWS,mbl,mblnws
"Medulloblastoma, SHH Subtype",Gray,MBLSHH,mbl,mblshh
"Medulloblastoma, WNT Subtype",Gray,MBLWNT,mbl,mblwnt
Mature B-Cell Neoplasms,LimeGreen,MBN,nhl,mbn
Mucinous Borderline Ovarian Tumor,LightBlue,MBOV,ovt,mbov
Miscellaneous Brain Tumor,Gray,MBT,brain,mbt
Monoclonal B-Cell Lymphocytosis,LimeGreen,MCBCL,mbn,mcbcl
Merkel Cell Carcinoma,Black,MCC,skin,mcc
Mixed Cervical Carcinoma,Teal,MCCE,cervix,mcce
Mixed Cellularity Classical Hodgkin Lymphoma,LimeGreen,MCCHL,chl,mcchl
Mastocytosis,LightSalmon,MCD,mnm,mcd
Mesenchymal Chondrosarcoma,White,MCHS,chs,mchs
Mesenchymal Chondrosarcoma of the CNS,Gray,MCHSCNS,mbt,mchscns
Mantle Cell Lymphoma,LimeGreen,MCL,mbn,mcl
Mucinous Cystic Neoplasm,Purple,MCN,pact,mcn
Metaplastic Carcinosarcoma,HotPink,MCS,mmbc,mcs
Mast Cell Sarcoma,LightSalmon,MCSL,mcd,mcsl
Medulloepithelioma,Gray,MDEP,embt,mdep
Breast Mixed Ductal and Lobular Carcinoma,HotPink,MDLC,brca,mdlc
Myelodysplastic Syndromes,LightSalmon,MDS,mnm,mds
Myelodysplastic/Myeloproliferative Neoplasms,LightSalmon,MDS/MPN,mnm,mds/mpn
MDS with Excess Blasts,LightSalmon,MDSEB,mds,mdseb
MDS with excess blasts-1,LightSalmon,MDSEB1,mdseb,mdseb1
MDS with excess blasts-2,LightSalmon,MDSEB2,mdseb,mdseb2
MDS with Isolated Del(5q),LightSalmon,MDSID5Q,mds,mdsid5q
MDS with Multilineage Dysplasia,LightSalmon,MDSMD,mds,mdsmd
MDS/MPN with Ring Sideroblasts and Thrombocytosis,LightSalmon,MDSMPNRST,mds/mpn,mdsmpnrst
"MDS/MPN, Unclassifiable",LightSalmon,MDSMPNU,mds/mpn,mdsmpnu
MDS with Ring Sideroblasts,LightSalmon,MDSRS,mds,mdsrs
MDS with Ring Sideroblasts and Multilineage Dysplasia,LightSalmon,MDSRSMD,mdsrs,mdsrsmd
MDS with Ring Sideroblasts and Single Lineage Dysplasia,LightSalmon,MDSRSSLD,mdsrs,mdsrssld
MDS with Single Lineage Dysplasia,LightSalmon,MDSSLD,mds,mdssld
"MDS, Unclassifiable",LightSalmon,MDSU,mds,mdsu
Myelodysplastic Workup,LightSalmon,MDSWP,mnm,mdswp
Monomorphic Epitheliotropic Intestinal T-Cell Lymphoma,LimeGreen,MEITL,mtnn,meitl
Melanoma,Black,MEL,skin,mel
Melanocytoma,Gray,MELC,pcnsmt,melc
Myofibroma,LightYellow,MF,soft_tissue,mf
Undifferentiated Pleomorphic Sarcoma/Malignant Fibrous Histiocytoma/High-Grade Spindle Cell Sarcoma,LightYellow,MFH,soft_tissue,mfh
Myxofibrosarcoma,LightYellow,MFS,soft_tissue,mfs
Mixed Germ Cell Tumor,Red,MGCT,nsgct,mgct
Malignant Glomus Tumor,LightYellow,MGST,soft_tissue,mgst
Monoclonal Gammopathy of Undetermined Significance,LimeGreen,MGUS,mbn,mgus
IgA,LimeGreen,MGUSIGA,mgus,mgusiga
IgG,LimeGreen,MGUSIGG,mgus,mgusigg
IgM,LimeGreen,MGUSIGM,mgus,mgusigm
Mu Heavy-Chain Disease,LimeGreen,MHCD,mbn,mhcd
Monoclonal Immunoglobulin Deposition Diseases,LimeGreen,MIDD,mbn,midd
Amyloidosis,LimeGreen,MIDDA,midd,midda
"Monoclonal Immunoglobulin Deposition Diseases, Other",LimeGreen,MIDDO,midd,middo
Mixed Cancer Types,Black,MIXED,other,mixed
Myeloid Leukemia Associated with Down Syndrome,LightSalmon,MLADS,mprds,mlads
Myeloid/Lymphoid Neoplasms with Eosinophilia and Rearrangement of  PDGFRA/PDGFRB or FGFR1 or with PCM1-JAK2,LightSalmon,MLNER,mnm,mlner
Myeloid/Lymphoid Neoplasms with FGFR1 Rearrangement,LightSalmon,MLNFGFR1,mlner,mlnfgfr1
Myeloid/Lymphoid Neoplasms with PCM1-JAK2,LightSalmon,MLNPCM1JAK2,mlner,mlnpcm1jak2
Myeloid/Lymphoid Neoplasms with PDGFRA Rearrangement,LightSalmon,MLNPDGFRA,mlner,mlnpdgfra
Myeloid/Lymphoid Neoplasms with PDGFRB Rearrangement,LightSalmon,MLNPDGFRB,mlner,mlnpdgfrb
Malignant Lymphoma,Gray,MLYM,mbt,mlym
Medullomyoblastoma,Gray,MMB,embt,mmb
Mixed Type Metaplastic Breast Cancer,HotPink,MMBC,mbc,mmbc
Melanotic Medulloblastoma,Gray,MMBL,embt,mmbl
Miscellaneous Neuroepithelial Tumor,Gray,MNET,brain,mnet
Meningioma,Gray,MNG,mngt,mng
Myeloid Neoplasms with Germ Line Predisposition,LightSalmon,MNGLP,mnm,mnglp
Meningothelial Tumor,Gray,MNGT,brain,mngt
Myeloid Neoplasm,LightSalmon,MNM,myeloid,mnm
Mucinous Ovarian Cancer,LightBlue,MOV,ovt,mov
Molar Pregnancy,PeachPuff,MP,gtd,mp
Mixed Phenotype Acute Leukemia with t(9;22)(q34.1;q11.2); BCR-ABL1,LightSalmon,MPALBCRABL1,alal,mpalbcrabl1
"Mixed Phenotype Acute Leukemia, B/Myeloid, NOS",LightSalmon,MPALBNOS,alal,mpalbnos
Mixed Phenotype Acute Leukemia with t(v;11q23.3); KMT2A Rearranged,LightSalmon,MPALKMT2A,alal,mpalkmt2a
"Mixed Phenotype Acute Leukemia, T/Myeloid, NOS",LightSalmon,MPALTNOS,alal,mpaltnos
Myopericytoma,LightYellow,MPC,soft_tissue,mpc
Myxopapillary Ependymoma,Gray,MPE,epmt,mpe
Myeloproliferative Neoplasms,LightSalmon,MPN,mnm,mpn
Malignant Peripheral Nerve Sheath Tumor,Gray,MPNST,nst,mpnst
"Myeloproliferative Neoplasms, Unclassifiable",LightSalmon,MPNU,mpn,mpnu
Myeloproliferative Workup,LightSalmon,MPNWP,mnm,mpnwp
Myeloid Proliferations Related to Down Syndrome,LightSalmon,MPRDS,aml,mprds
Malignant Phyllodes Tumor of the Breast,HotPink,MPT,pt,mpt
Monomorphic PTLD (B- and T-/NK-cell types),LimeGreen,MPTLD,ptld,mptld
Renal Medullary Carcinoma,Orange,MRC,nccrcc,mrc
Myxoid/Round-Cell Liposarcoma,LightYellow,MRLS,lipo,mrls
Rhabdoid Cancer,Orange,MRT,kidney,mrt
Malignant Rhabdoid Tumor of the Liver,MediumSeaGreen,MRTL,liver,mrtl
Myeloid Sarcoma,LightSalmon,MS,aml,ms
Metaplastic Squamous Cell Carcinoma,HotPink,MSCC,embc,mscc
Melanotic Schwannoma,Gray,MSCHW,schw,mschw
Mucinous Stomach Adenocarcinoma,LightSkyBlue,MSTAD,stad,mstad
Malignant Tumor,Gray,MT,mbt,mt
Mature T and NK Neoplasms,LimeGreen,MTNN,nhl,mtnn
Renal Mucinous Tubular Spindle Cell Carcinoma,Orange,MTSCC,nccrcc,mtscc
Mucoepidermoid Carcinoma,DarkRed,MUCC,saca,mucc
Melanoma of Unknown Primary,Black,MUP,mel,mup
Mixed Ovarian Carcinoma,LightBlue,MXOV,ovt,mxov
Mycosis Fungoides,LimeGreen,MYCF,mtnn,mycf
Myxoid Chondrosarcoma,White,MYCHS,chs,mychs
Myoepithelial Carcinoma,DarkRed,MYEC,saca,myec
Myeloid,LightSalmon,MYELOID,tissue,myeloid
Myxoma,LightYellow,MYXO,soft_tissue,myxo
Marginal Zone Lymphoma,LimeGreen,MZL,mbn,mzl
Neuroblastoma,Gray,NBL,pns,nbl
Renal Non-Clear Cell Carcinoma,Orange,NCCRCC,rcc,nccrcc
"Neuroendocrine Carcinoma, NOS",Black,NECNOS,cup,necnos
"Neuroendocrine Tumor, NOS",Black,NETNOS,cup,netnos
Neurofibroma,Gray,NFIB,nst,nfib
Non-Hodgkin Lymphoma,LimeGreen,NHL,lnm,nhl
Natural Killer (NK) Cell Lymphoblastic Leukemia/Lymphoma,LimeGreen,NKCLL,tll,nkcll
Nodular Lymphocyte-Predominant Hodgkin Lymphoma,LimeGreen,NLPHL,hl,nlphl
NUT Midline Carcinoma of the Head and Neck,DarkRed,NMCHN,ohnca,nmchn
Nodal Marginal Zone Lymphoma,LimeGreen,NMZL,mzl,nmzl
Nasopharyngeal Carcinoma,DarkRed,NPC,head_neck,npc
Nodal Peripheral T-Cell Lymphoma with TFH Phenotype,LimeGreen,NPTLTFH,mtnn,nptltfh
NUTM1 Renal Cell Carcinoma,Orange,NRCC,rcc,nrcc
Nodular Sclerosis Classical Hodgkin Lymphoma,LimeGreen,NSCHL,chl,nschl
Non-Small Cell Lung Cancer,Gainsboro,NSCLC,lung,nsclc
Poorly Differentiated Non-Small Cell Lung Cancer,Gainsboro,NSCLCPD,nsclc,nsclcpd
Non-Seminomatous Germ Cell Tumor,Red,NSGCT,testis,nsgct
Nerve Sheath Tumor,Gray,NST,pns,nst
NUT Carcinoma of the Lung,Gainsboro,NUTCL,nsclc,nutcl
Neoplastic Vs Reactive,LightSalmon,NVRINT,mnm,nvrint
Oncocytic Adenoma of the Thyroid,Teal,OAT,thyroid,oat
"Ovarian Choriocarcinoma, NOS",LightBlue,OCNOS,oovc,ocnos
Ovarian Carcinosarcoma/Malignant Mixed Mesodermal Tumor,LightBlue,OCS,ovt,ocs
Oral Cavity Squamous Cell Carcinoma,DarkRed,OCSC,hnsc,ocsc
"Oligodendroglioma, IDH-mutant, and 1p/19q-Codeleted",Gray,ODG,adifg,odg
"Oligodendroglioma, IDH-mutant, and 1p/19q-Codeleted, Grade 2",Gray,ODG2,odg,odg2
"Oligodendroglioma, IDH-mutant, and 1p/19q-Codeleted, Grade 3",Gray,ODG3,odg,odg3
Odontogenic Carcinoma,DarkRed,ODGC,ohnca,odgc
Dysgerminoma,LightBlue,ODYS,ogct,odys
Embryonal Carcinoma,LightBlue,OEC,ogct,oec
Ossifying Fibromyxoid Tumor,LightYellow,OFMT,myxo,ofmt
Gonadoblastoma,LightBlue,OGBL,scst,ogbl
Ovarian Germ Cell Tumor,LightBlue,OGCT,ovary,ogct
"Head and Neck Carcinoma, Other",DarkRed,OHNCA,head_neck,ohnca
Immature Teratoma,LightBlue,OIMT,ogct,oimt
Ocular Melanoma,Green,OM,eye,om
Mixed Germ Cell Tumor,LightBlue,OMGCT,ogct,omgct
Mature Teratoma,LightBlue,OMT,ogct,omt
Olfactory Neuroblastoma,Gray,ONBL,embt,onbl
"Ovarian Cancer, Other",LightBlue,OOVC,ovary,oovc
Polyembryoma,LightBlue,OPE,ogct,ope
Oropharynx Squamous Cell Carcinoma,DarkRed,OPHSC,hnsc,ophsc
Osteosarcoma,White,OS,bone,os
"Salivary Carcinoma, Other",DarkRed,OSACA,saca,osaca
Osteoclastic Giant Cell Tumor,Purple,OSGCT,ucp,osgct
Ovarian Seromucinous Adenoma,LightBlue,OSMAD,ovt,osmad
Ovarian Seromucinous Borderline Tumor,LightBlue,OSMBT,ovt,osmbt
Ovarian Seromucinous Carcinoma,LightBlue,OSMCA,ovt,osmca
Osteoblastic Osteosarcoma,White,OSOS,os,osos
Other,Black,OTHER,tissue,other
"Uterine Sarcoma, Other",PeachPuff,OUSARC,usarc,ousarc
Other Uterine Tumor,PeachPuff,OUTT,uterus,outt
Ovary/Fallopian Tube,LightBlue,OVARY,tissue,ovary
Ovarian Epithelial Tumor,LightBlue,OVT,ovary,ovt
Yolk Sac Tumor,LightBlue,OYST,ogct,oyst
Acinar Cell Carcinoma of the Pancreas,Purple,PAAC,pancreas,paac
Pancreatic Adenocarcinoma,Purple,PAAD,pancreas,paad
Adenosquamous Carcinoma of the Pancreas,Purple,PAASC,pancreas,paasc
Polymorphous Adenocarcinoma,DarkRed,PAC,saca,pac
Cystic Tumor of the Pancreas,Purple,PACT,pancreas,pact
Pleomorphic Adenoma,DarkRed,PADA,saca,pada
Pancreatobiliary Ampullary Carcinoma,Purple,PAMPCA,ampca,pampca
Pancreas,Purple,PANCREAS,tissue,pancreas
Pancreatic Neuroendocrine Carcinoma,Purple,PANEC,pancreas,panec
Pancreatic Neuroendocrine Tumor,Purple,PANET,pancreas,panet
Parosteal Osteosarcoma,White,PAOS,os,paos
Pilocytic Astrocytoma,Gray,PAST,encg,past
Pancreatoblastoma,Purple,PB,pancreas,pb
Pineoblastoma,Gray,PBL,pint,pbl
Breast Sarcoma,HotPink,PBS,breast,pbs
Primary Brain Tumor,Gray,PBT,mbt,pbt
Primary Cutaneous CD8 Positive Aggressive Epidermotropic Cytotoxic T-Cell Lymphoma,LimeGreen,PCAECTCL,mtnn,pcaectcl
Primary Cutaneous Anaplastic Large Cell Lymphoma,LimeGreen,PCALCL,pclpd,pcalcl
Primary Cutaneous Acral CD8 Positive T-Cell Lymphoma,LimeGreen,PCATCL,mtnn,pcatcl
Primary Cutaneous Follicle Center Lymphoma,LimeGreen,PCFCL,mbn,pcfcl
Primary Cutaneous Gamma Delta T-Cell Lymphoma,LimeGreen,PCGDTCL,mtnn,pcgdtcl
"Craniopharyngioma, Papillary Type",Gray,PCGP,selt,pcgp
"Primary Cutaneous DLBCL, Leg Type",LimeGreen,PCLBCLLT,mbn,pclbcllt
Primary Cutaneous CD30 Positive T-Cell Lymphoproliferative Disorders,LimeGreen,PCLPD,mtnn,pclpd
Plasma Cell Myeloma,LimeGreen,PCM,mbn,pcm
Primary DLBCL of the central nervous system,LimeGreen,PCNSL,mbn,pcnsl
Primary CNS Melanoma,LightSkyBlue,PCNSM,pcnsmt,pcnsm
Primary CNS Melanocytic Tumors,Gray,PCNSMT,brain,pcnsmt
Primary Cutaneous CD4 Positive Small/Medium T-Cell Lymphoproliferative Disorder,LimeGreen,PCSMTPLD,mtnn,pcsmtpld
Paget Disease of the Nipple,HotPink,PD,dcis,pd
"Poorly Differentiated Carcinoma, NOS",Black,PDC,cup,pdc
Pediatric-Type Diffuse High-Grade Glioma,Gray,PDIFHG,difg,pdifhg
Pediatric-Type Diffuse Low-Grade Glioma,Gray,PDIFLG,difg,pdiflg
Perivascular Epithelioid Cell Tumor,LightYellow,PECOMA,soft_tissue,pecoma
Primary Effusion Lymphoma,LimeGreen,PEL,mbn,pel
Peritoneal Mesothelioma,Green,PEMESO,peritoneum,pemeso
Penis,Blue,PENIS,tissue,penis
Periosteal Osteosarcoma,White,PEOS,os,peos
Peritoneum,Green,PERITONEUM,tissue,peritoneum
Pure Erythroid Leukemia,LightSalmon,PERL,amlnos,perl
Paraganglioma,Gray,PGNG,soft_tissue,pgng
Papillary Glioneuronal Tumor,Gray,PGNT,mnet,pgnt
Pheochromocytoma,Purple,PHC,adrenal_gland,phc
Perihilar Cholangiocarcinoma,Green,PHCH,chol,phch
Partial Hydatidiform Mole,PeachPuff,PHM,mp,phm
Plasmacytic Hyperplasia PTLD,LimeGreen,PHPTLD,ptld,phptld
Pineocytoma,Gray,PINC,pint,pinc
Pineal Tumor,Gray,PINT,brain,pint
Plasmablastic Lymphoma,LimeGreen,PLBL,mbn,plbl
"Pleural Mesothelioma, Biphasic Type",Blue,PLBMESO,plmeso,plbmeso
"Pleural Mesothelioma, Epithelioid Type",Blue,PLEMESO,plmeso,plemeso
Pleura,Blue,PLEURA,tissue,pleura
Pleomorphic Liposarcoma,LightYellow,PLLS,lipo,plls
Pleural Mesothelioma,Blue,PLMESO,pleura,plmeso
Pleomorphic Rhabdomyosarcoma,LightYellow,PLRMS,rms,plrms
"Pleural Mesothelioma, Sarcomatoid Type",Blue,PLSMESO,plmeso,plsmeso
Pilomyxoid Astrocytoma,Gray,PMA,encg,pma
Primary Mediastinal (Thymic) Large B-Cell Lymphoma,LimeGreen,PMBL,mbn,pmbl
Primary Myelofibrosis,LightSalmon,PMF,mpn,pmf
"Primary Myelofibrosis,Overt Fibrotic Stage",LightSalmon,PMFOFS,pmf,pmfofs
"Primary Myelofibrosis, Prefibrotic/Early Stage",LightSalmon,PMFPES,pmf,pmfpes
Pseudomyogenic Hemangioendothelioma,LightYellow,PMHE,soft_tissue,pmhe
Primitive Neuroectodermal Tumor,Gray,PNET,embt,pnet
Peripheral Nervous System,Gray,PNS,tissue,pns
Porocarcinoma/Spiroadenocarcinoma,Black,POCA,skin,poca
Poroma/Acrospiroma,Black,PORO,skin,poro
Pleuropulmonary Blastoma,Gainsboro,PPB,lung,ppb
Proliferating Pilar Cystic Tumor,Black,PPCT,skin,ppct
Papillary Meningioma,Gray,PPM,mngt,ppm
Pineal Parenchymal Tumor of Intermediate Differentiation,Gray,PPTID,pint,pptid
Polymorphic PTLD,LimeGreen,PPTLD,ptld,pptld
Prostate Adenocarcinoma,Cyan,PRAD,prostate,prad
Papillary Renal Cell Carcinoma,Orange,PRCC,nccrcc,prcc
Prostate Neuroendocrine Carcinoma,Cyan,PRNE,prostate,prne
Primary Neuroepithelial Tumor,Gray,PRNET,mbt,prnet
Prostate,Cyan,PROSTATE,tissue,prostate
Prostate Squamous Cell Carcinoma,Cyan,PRSC,prostate,prsc
Prostate Small Cell Carcinoma,Cyan,PRSCC,prostate,prscc
Serous Cystadenoma of the Pancreas,Purple,PSC,pact,psc
Penile Squamous Cell Carcinoma,Blue,PSCC,penis,pscc
Peritoneal Serous Carcinoma,Green,PSEC,peritoneum,psec
Papillary Stomach Adenocarcinoma,LightSkyBlue,PSTAD,stad,pstad
Placental Site Trophoblastic Tumor,PeachPuff,PSTT,gtd,pstt
Phyllodes Tumor of the Breast,HotPink,PT,bfn,pt
Pituitary Adenoma,Gray,PTAD,selt,ptad
Pituitary Carcinoma,Gray,PTCA,selt,ptca
"Peripheral T-Cell lymphoma, NOS",LimeGreen,PTCL,mtnn,ptcl
Pituicytoma,Gray,PTCY,selt,ptcy
Proximal-Type Epithelioid Sarcoma,LightYellow,PTES,epis,ptes
Pediatric-Type Follicular Lymphoma,LimeGreen,PTFL,mbn,ptfl
Parathyroid Cancer,DarkRed,PTH,head_neck,pth
Parathyroid Carcinoma,DarkRed,PTHC,pth,pthc
Posttransplant Lymphoproliferative Disorders,LimeGreen,PTLD,lnm,ptld
Papillary Tumor of the Pineal Region,Gray,PTPR,pint,ptpr
Polycythemia Vera,LightSalmon,PV,mpn,pv
Polycythaemia Vera Myelofibrosis,LightSalmon,PVMF,pv,pvmf
Pleomorphic Xanthoastrocytoma,Gray,PXA,encg,pxa
Renal Angiomyolipoma,Orange,RAML,nccrcc,raml
Radiation-Associated Sarcoma,LightYellow,RAS,soft_tissue,ras
Retinoblastoma,Green,RBL,eye,rbl
Renal Cell Carcinoma,Orange,RCC,kidney,rcc
"Round Cell Sarcoma, NOS",LightYellow,RCSNOS,soft_tissue,rcsnos
Refractory Cytopenia of Childhood,LightSalmon,RCYC,mds,rcyc
Rosai-Dorfman Disease,LightSalmon,RDD,hdcn,rdd
Rectal Adenocarcinoma,SaddleBrown,READ,coadread,read
Rosette-forming Glioneuronal Tumor of the Fourth Ventricle,Gray,RGNT,mnet,rgnt
Rhabdoid Meningioma,Gray,RHM,mngt,rhm
Large Cell Lung Carcinoma With Rhabdoid Phenotype,Gainsboro,RLCLC,lclc,rlclc
Rhabdomyosarcoma,LightYellow,RMS,soft_tissue,rms
Renal Neuroendocrine Tumor,Orange,RNET,kidney,rnet
Renal Oncocytoma,Orange,ROCY,nccrcc,rocy
Renal Small Cell Carcinoma,Orange,RSCC,nccrcc,rscc
Well-Differentiated Neuroendocrine Tumor of the Rectum,SaddleBrown,RWDNET,ginet,rwdnet
Salivary Adenocarcinoma,DarkRed,SAAD,saca,saad
Salivary Carcinoma,DarkRed,SACA,head_neck,saca
Sarcomatoid Carcinoma of the Lung,Gainsboro,SARCL,lung,sarcl
"Sarcoma, NOS",LightYellow,SARCNOS,soft_tissue,sarcnos
Small Bowel Cancer,SaddleBrown,SBC,bowel,sbc
Sialoblastoma,DarkRed,SBL,head_neck,sbl
"Splenic B-Cell Lymphoma/Leukemia, Unclassifiable",LimeGreen,SBLU,mbn,sblu
"Serous Borderline Ovarian Tumor, Micropapillary",LightBlue,SBMOV,ovt,sbmov
Serous Borderline Ovarian Tumor,LightBlue,SBOV,ovt,sbov
Small Bowel Well-Differentiated Neuroendocrine Tumor,SaddleBrown,SBWDNET,ginet,sbwdnet
Sarcomatoid Carcinoma of the Urinary Bladder,Yellow,SCB,bladder,scb
Small Cell Bladder Cancer,Yellow,SCBC,bladder,scbc
Small Cell Carcinoma of the Cervix,Teal,SCCE,cervix,scce
"Squamous Cell Carcinoma, NOS",Black,SCCNOS,cup,sccnos
Small Cell Carcinoma of the Ovary,LightBlue,SCCO,ovt,scco
Renal Clear Cell Carcinoma with Sarcomatoid Features,Orange,SCCRCC,ccrcc,sccrcc
Signet Ring Mucinous Carcinoma,Teal,SCEMU,cemu,scemu
Small Cell Gallbladder Carcinoma,Green,SCGBC,gbc,scgbc
Small Cell Glioblastoma,Gray,SCGBM,gb,scgbm
Schwannoma,Gray,SCHW,nst,schw
Small Cell Lung Cancer,Gainsboro,SCLC,lnet,sclc
Squamous Cell Carcinoma of the Lacrimal Gland,Green,SCLG,lgt,sclg
Spindle Cell Oncocytoma of the Adenohypophysis,Gray,SCOAH,selt,scoah
Small Cell Osteosarcoma,White,SCOS,os,scos
Spindle Cell Rhabdomyosarcoma,LightYellow,SCRMS,rms,scrms
Spindle Cell/Sclerosing Rhabdomyosarcoma,LightYellow,SCSRMS,rms,scsrms
Sex Cord Stromal Tumor,LightBlue,SCST,ovary,scst
"Steroid Cell Tumor, NOS",LightBlue,SCT,scst,sct
Small Cell Carcinoma of Unknown Primary,Black,SCUP,cup,scup
Salivary Duct Carcinoma,DarkRed,SDCA,saca,sdca
Splenic Diffuse Red Pulp Small B-Cell Lymphoma,LimeGreen,SDRPL,sblu,sdrpl
Sebaceous Carcinoma,Black,SEBA,skin,seba
Systemic EBV Positive T-Cell Lymphoma of Childhood,LimeGreen,SEBVTLC,mtnn,sebvtlc
Secondary Osteosarcoma,White,SECOS,os,secos
Sclerosing Epithelioid Fibrosarcoma,LightYellow,SEF,fibs,sef
Sellar Tumor,Gray,SELT,brain,selt
Seminoma,Red,SEM,testis,sem
Solitary Fibrous Tumor/Hemangiopericytoma,LightYellow,SFT,soft_tissue,sft
Solitary Fibrous Tumor of the Central Nervous System,Gray,SFTCNS,mngt,sftcns
Sweat Gland Adenocarcinoma,Black,SGAD,skin,sgad
Salivary Gland Oncocytoma,DarkRed,SGO,saca,sgo
Salivary Gland-Type Tumor of the Lung,Gainsboro,SGTTL,nsclc,sgttl
Small Intestinal Carcinoma,SaddleBrown,SIC,bowel,sic
Skin Adnexal Carcinoma,Black,SKAC,skin,skac
Cutaneous Melanoma,Black,SKCM,mel,skcm
Congenital Nevus,Black,SKCN,mel,skcn
Skin,Black,SKIN,tissue,skin
Lentigo Maligna Melanoma,Black,SKLMM,mel,sklmm
Sertoli-Leydig Cell Tumor,LightBlue,SLCT,scst,slct
Systemic Mastocytosis,LightSalmon,SM,mcd,sm
Systemic Mastocytosis with an Associated Hematological Neoplasm,LightSalmon,SMAHN,sm,smahn
Mast Cell Leukemia,LightSalmon,SMMCL,sm,smmcl
"Smooth Muscle Neoplasm, NOS",LightSkyBlue,SMN,stomach,smn
Splenic Marginal Zone Lymphoma,LimeGreen,SMZL,mzl,smzl
Sinonasal Adenocarcinoma,DarkRed,SNA,ohnca,sna
Sinonasal Squamous Cell Carcinoma,DarkRed,SNSC,hnsc,snsc
Sinonasal Undifferentiated Carcinoma,DarkRed,SNUC,ohnca,snuc
Serous Ovarian Cancer,LightBlue,SOC,ovt,soc
Soft Tissue,LightYellow,SOFT_TISSUE,tissue,soft_tissue
Solitary Plasmacytoma of Bone,LimeGreen,SPB,mbn,spb
Solid Papillary Carcinoma of the Breast,HotPink,SPC,brca,spc
Spindle Cell Carcinoma of the Lung,Gainsboro,SPCC,nsclc,spcc
Poorly Differentiated Carcinoma of the Stomach,LightSkyBlue,SPDAC,ustad,spdac
Spiroma/Spiradenoma,Black,SPIR,skin,spir
Solid Pseudopapillary Neoplasm of the Pancreas,Purple,SPN,pancreas,spn
Subcutaneous Panniculitis-Like T-Cell Lymphoma,LimeGreen,SPTCL,mtnn,sptcl
Spitzoid Melanoma,Black,SPZM,mel,spzm
Signet Ring Cell Type of the Appendix,SaddleBrown,SRAP,apad,srap
Plasmacytoid/Signet Ring Cell Bladder Carcinoma,Yellow,SRCBC,bladder,srcbc
Sarcomatoid Renal Cell Carcinoma,Orange,SRCC,nccrcc,srcc
Signet Ring Cell Adenocarcinoma of the Colon and Rectum,SaddleBrown,SRCCR,coadread,srccr
Sezary Syndrome,LimeGreen,SS,mtnn,ss
Smoldering Systemic Mastocytosis,LightSalmon,SSM,sm,ssm
Signet Ring Cell Carcinoma of the Stomach,LightSkyBlue,SSRCC,ustad,ssrcc
Stomach Adenocarcinoma,LightSkyBlue,STAD,egc,stad
Adenosquamous Carcinoma of the Stomach,LightSkyBlue,STAS,egc,stas
Soft Tissue Myoepithelial Carcinoma,LightYellow,STMYEC,soft_tissue,stmyec
Esophagus/Stomach,LightSkyBlue,STOMACH,tissue,stomach
Small Cell Carcinoma of the Stomach,LightSkyBlue,STSC,egc,stsc
Subependymoma,Gray,SUBE,epmt,sube
Well-Differentiated Neuroendocrine Tumors of the Stomach,LightSkyBlue,SWDNET,ginetes,swdnet
Synovial Sarcoma,LightYellow,SYNS,soft_tissue,syns
Tubular Adenoma of the Colon,SaddleBrown,TAC,bowel,tac
Transient Abnormal Myelopoiesis,LightSalmon,TAM,mprds,tam
Therapy-Related Acute Myeloid Leukemia,LightSalmon,TAML,tmn,taml
Choriocarcinoma,Red,TCCA,nsgct,tcca
Telangiectatic Osteosarcoma,White,TEOS,os,teos
Testis,Red,TESTIS,tissue,testis
Thymic Epithelial Tumor,Purple,TET,thymus,tet
Tenosynovial Giant Cell Tumor Diffuse Type,LightYellow,TGCT,soft_tissue,tgct
Anaplastic Thyroid Cancer,Teal,THAP,thyroid,thap
Follicular Thyroid Cancer,Teal,THFO,wdtc,thfo
Hurthle Cell Thyroid Cancer,Teal,THHC,thyroid,thhc
Medullary Thyroid Cancer,Teal,THME,thyroid,thme
Papillary Thyroid Cancer,Teal,THPA,wdtc,thpa
Poorly Differentiated Thyroid Cancer,Teal,THPD,thyroid,thpd
T-Cell/Histiocyte-Rich Large B-Cell Lymphoma,LimeGreen,THRLBCL,mbn,thrlbcl
Thymic Carcinoma,Purple,THYC,tet,thyc
Thymoma,Purple,THYM,tet,thym
Thymus,Purple,THYMUS,tissue,thymus
Thyroid,Teal,THYROID,tissue,thyroid
T-Cell Large Granular Lymphocytic Leukemia,LimeGreen,TLGL,mtnn,tlgl
T-Lymphoblastic Leukemia/Lymphoma,LimeGreen,TLL,lnm,tll
Testicular Lymphoma,Red,TLYM,testis,tlym
Therapy-Related Myelodysplastic Syndrome,LightSalmon,TMDS,tmn,tmds
Testicular Mesothelioma,Red,TMESO,testis,tmeso
Therapy-Related Myeloid Neoplasms,LightSalmon,TMN,aml,tmn
Thymic Neuroendocrine Tumor,Purple,TNET,thymus,tnet
T-Cell Prolymphocytic Leukemia,LimeGreen,TPLL,mtnn,tpll
Translocation-Associated Renal Cell Carcinoma,Orange,TRCC,nccrcc,trcc
Sex Cord Stromal Tumor,Red,TSCST,testis,tscst
Tubular Stomach Adenocarcinoma,LightSkyBlue,TSTAD,stad,tstad
Teratoma,Red,TT,nsgct,tt
Yolk Sac Tumor,Red,TYST,nsgct,tyst
Urachal Adenocarcinoma,Yellow,UA,urca,ua
Urethral Adenocarcinoma,Yellow,UAD,uca,uad
Uterine Adenosarcoma,PeachPuff,UAS,usarc,uas
Uterine Adenosquamous Carcinoma,PeachPuff,UASC,ucec,uasc
Urethral Cancer,Yellow,UCA,bladder,uca
Choriocarcinoma,PeachPuff,UCCA,gtd,ucca
Uterine Clear Cell Carcinoma,PeachPuff,UCCC,ucec,uccc
Endometrial Carcinoma,PeachPuff,UCEC,uterus,ucec
Undifferentiated Carcinoma of the Pancreas,Purple,UCP,pancreas,ucp
Uterine Carcinosarcoma/Uterine Malignant Mixed Mullerian Tumor,PeachPuff,UCS,ucec,ucs
Urethral Urothelial Carcinoma,Yellow,UCU,uca,ucu
Uterine Dedifferentiated Carcinoma,PeachPuff,UDDC,ucec,uddc
Undifferentiated Malignant Neoplasm,Black,UDMN,cup,udmn
Uterine Endometrioid Carcinoma,PeachPuff,UEC,ucec,uec
Uterine Epithelioid Leiomyosarcoma,PeachPuff,UELMS,usmt,uelms
Undifferentiated Embryonal Sarcoma of the Liver,MediumSeaGreen,UESL,liver,uesl
Uterine Leiomyoma,PeachPuff,ULM,usmt,ulm
Uterine Leiomyosarcoma,PeachPuff,ULMS,usmt,ulms
Uveal Melanoma,Green,UM,om,um
Uterine Mucinous Carcinoma,PeachPuff,UMC,ucec,umc
Uterine Mixed Endometrial Carcinoma,PeachPuff,UMEC,ucec,umec
Uterine Myxoid Leiomyosarcoma,PeachPuff,UMLMS,usmt,umlms
Uterine Mesonephric Carcinoma,PeachPuff,UMNC,ucec,umnc
Uterine Neuroendocrine Carcinoma,PeachPuff,UNEC,ucec,unec
Urothelial Papilloma,Yellow,UPA,bladder,upa
Poorly Differentiated Carcinoma of the Uterus,PeachPuff,UPDC,ucec,updc
Uterine Perivascular Epithelioid Cell Tumor,PeachPuff,UPECOMA,usarc,upecoma
Urachal Carcinoma,Yellow,URCA,bladder,urca
Unclassified Renal Cell Carcinoma,Orange,URCC,nccrcc,urcc
Mucosal Melanoma of the Urethra,Yellow,URMM,bladder,urmm
Uterine Sarcoma/Mesenchymal,PeachPuff,USARC,uterus,usarc
Uterine Serous Carcinoma/Uterine Papillary Serous Carcinoma,PeachPuff,USC,ucec,usc
Urethral Squamous Cell Carcinoma,Yellow,USCC,uca,uscc
Uterine Smooth Muscle Tumor,PeachPuff,USMT,usarc,usmt
Undifferentiated Stomach Adenocarcinoma,LightSkyBlue,USTAD,egc,ustad
Uterine Smooth Muscle Tumor of Uncertain Malignant Potential,PeachPuff,USTUMP,usmt,ustump
Uterus,PeachPuff,UTERUS,tissue,uterus
Upper Tract Urothelial Carcinoma,Yellow,UTUC,bladder,utuc
Uterine Undifferentiated Carcinoma,PeachPuff,UUC,ucec,uuc
Undifferentiated Uterine Sarcoma,PeachPuff,UUS,usarc,uus
Vaginal Adenocarcinoma,Purple,VA,vulva,va
Dysgerminoma,Purple,VDYS,vgct,vdys
Villoglandular Adenocarcinoma of the Cervix,Teal,VGCE,cervix,vgce
Germ Cell Tumor of the Vulva,Purple,VGCT,vulva,vgct
Immature Teratoma,Purple,VIMT,vgct,vimt
Mucinous Adenocarcinoma of the Vulva/Vagina,Purple,VMA,vulva,vma
Mixed Germ Cell Tumor,Purple,VMGCT,vgct,vmgct
Mucosal Melanoma of the Vulva/Vagina,Purple,VMM,vulva,vmm
Mature Teratoma,Purple,VMT,vgct,vmt
Embryonal Carcinoma,Purple,VOEC,vgct,voec
Poorly Differentiated Vaginal Carcinoma,Purple,VPDC,vulva,vpdc
Polyembryoma,Purple,VPE,vgct,vpe
Verrucous Penile Squamous Cell Carcinoma,Blue,VPSCC,pscc,vpscc
Squamous Cell Carcinoma of the Vulva/Vagina,Purple,VSC,vulva,vsc
Vulva/Vagina,Purple,VULVA,tissue,vulva
Yolk Sac Tumor,Purple,VYST,vgct,vyst
Well-Differentiated Liposarcoma,LightYellow,WDLS,lipo,wdls
Well-Differentiated Thyroid Cancer,Teal,WDTC,thyroid,wdtc
Waldenstrom Macroglobulinemia,LimeGreen,WM,lpl,wm
Warty Penile Squamous Cell Carcinoma,Blue,WPSCC,pscc,wpscc
Wilms' Tumor,Orange,WT,kidney,wt
Xanthogranuloma,LightSalmon,XGA,hdcn,xga
